crop,season,rainfall,temperature,area,yield
Banana,Rabi,981.3930031156723,30.44311173299007,6.243914397711835,8.25230612151588
Maize,Whole Year,2135.8016437260867,23.551026881519146,8.458979452540039,2.7876953121548063
Banana,Kharif,1273.3634757210712,24.513716635659563,3.1418234929816813,8.53487921751641
Grapes,Summer,548.1164401415036,37.15721890947336,3.124069778875881,8.435318238211055
Chickpea,Rabi,2468.956323189177,34.27742820472324,4.257499744499972,1.784876527650284
Chickpea,Kharif,1013.7813719615813,24.479310031559994,0.7695585148486859,1.4621580507746685
Cotton,Kharif,528.4810666146084,33.45474627484373,8.730278078679499,1.5764185197700815
Maize,Rabi,1729.1320483106792,24.915312569830444,3.1096142178861017,3.604928219803168
Maize,Kharif,487.48618523515245,33.50662377070472,7.556727374824089,2.567236270312483
Chickpea,Whole Year,1923.9450622145705,37.39856708779103,7.175239700149901,0.7277502172133498
Chickpea,Kharif,1595.3223701649779,31.72442531074344,3.531107807773918,1.4124108960693116
Rice,Whole Year,1279.9087382845712,36.42064352263672,5.286759562890299,2.5078533759927666
Grapes,Rabi,664.2492507439356,26.838882706951907,8.15175107085516,8.460949036940377
Grapes,Rabi,1521.3019822589179,32.91836428372825,5.757667215378379,8.80443292719927
Grapes,Summer,798.9287059226415,30.777532170073684,7.269899853738928,8.786144224711188
Cotton,Whole Year,1981.1277093882584,32.70511006753263,4.515665859294056,2.205843612537726
Grapes,Kharif,655.0296303256836,28.446202170189462,5.3527982758280075,8.988485434732187
Chickpea,Summer,1755.47469541256,25.367681125813547,5.622512040191141,2.0224788709353185
Maize,Summer,1737.8957497705142,19.010122672840303,9.690015060382276,3.4561135772708598
Mango,Rabi,1765.7076339091445,24.92485795158617,3.3824743399370263,5.19632892068075
Cotton,Summer,2255.0497807826905,27.358853271473834,7.3000510959153395,2.5544383833302255
Grapes,Whole Year,1731.625191828769,31.148130314563655,9.410064569032103,9.550925138011356
Rice,Rabi,653.6565756731759,21.057650816490646,5.768498400286791,3.6826842624139973
Grapes,Whole Year,842.3385286160168,31.04768337987593,6.8933665395198895,8.494315668522837
Cotton,Kharif,640.7649008765732,33.60793073789527,4.57917460436758,1.1396534027059202
Mango,Kharif,2319.663055785947,20.032051109403643,3.9546159406227583,5.335977814377046
Grapes,Whole Year,697.853555549248,35.97984013079996,0.7280082639561132,8.175565936143673
Chickpea,Whole Year,913.4327366863354,15.376695019838081,2.6571791141093137,0.9327564521075948
Banana,Kharif,1354.8410147256204,32.228201096950485,2.793097076820455,8.396486435682787
Chickpea,Kharif,1551.830469250437,21.173528663297805,7.946771062247163,2.114661831586533
Grapes,Kharif,661.0434669589984,28.074144737406513,3.5493992190211863,8.551014126521341
Rice,Rabi,2257.2443429593677,33.57194877917747,6.715091424719951,3.877056186421367
Chickpea,Kharif,2384.283370223663,15.371345588318098,4.110276763382634,1.4477874346750157
Banana,Rabi,1293.9937719447157,21.554174856507164,4.1747473993531825,8.406794930658922
Maize,Whole Year,1728.5225089715912,32.770834442648265,9.048788448491687,3.2073603168129203
Mango,Kharif,646.1349930571266,22.88464039456852,3.7944453738417794,4.799279357786418
Banana,Summer,1989.2182132291393,27.379850261597976,4.280726707543986,8.585116032735693
Maize,Whole Year,2050.2033677751742,34.60421754146138,6.296170680184752,2.429689883676438
Rice,Whole Year,929.5283998686328,17.11712330511352,2.831200431143097,3.4847246945953256
Maize,Rabi,1931.4220016718182,19.29778541429144,3.170818938195051,2.65367836059771
Banana,Kharif,560.3935280845878,36.582513276516366,2.455679131312875,7.321690423619364
Banana,Kharif,677.5759966784727,32.71270540299041,3.042736525498615,7.982735976448261
Cotton,Summer,542.7009182581999,35.04388672583438,9.697090769087191,0.8496156570032747
Maize,Rabi,1520.6804175489783,19.2965543393036,7.975629404806283,2.7115666488568744
Banana,Kharif,1448.8111992321253,30.624412350039922,3.5747641192312396,7.7903118862999134
Grapes,Whole Year,664.4652653200809,30.41182232005086,4.896674269222243,8.951919347797926
Rice,Rabi,918.8424245758054,32.32851618908866,8.47782400208282,3.0526525092360846
Banana,Summer,936.2513308792967,32.195956442145025,0.719813926760587,7.328428741363284
Maize,Kharif,1529.236138336707,22.61380799992707,1.080523997077653,2.992661605686498
Banana,Kharif,1026.1717278366873,19.69752057875224,3.3129820469036333,7.401324164814694
Chickpea,Summer,591.8543119768198,19.370325832566294,8.39157761049222,0.7067487718695633
Chickpea,Whole Year,2123.499823303505,27.525587080192405,4.046040887063091,2.3207378119180357
Mango,Kharif,1310.2652085587315,25.465636499473717,9.697453838057763,4.943912021793484
Maize,Summer,978.1055318077605,27.90907930262709,3.4336381662358066,2.6867837289728502
Chickpea,Rabi,1900.334432583293,27.963769600676855,6.653825557193367,1.8592751692496683
Mango,Kharif,2282.797510927341,18.927190581812834,9.49184790360028,4.684575359430398
Rice,Whole Year,1320.9483939280674,19.568667856823964,7.824345492681833,3.6004536838813763
Grapes,Rabi,1251.194081507792,31.117063920603446,4.241067176927413,9.254650859642549
Chickpea,Whole Year,1685.873358688152,24.04653230953371,7.116340919194258,1.766710795883185
Maize,Rabi,1421.7230198855138,31.645771700740966,4.612134304892434,3.2311660421902713
Grapes,Whole Year,1190.6977424127274,25.85030319492788,6.760232196849272,9.16719589433017
Banana,Rabi,2391.589263130124,37.07307362780412,9.837822675891939,7.38198944319813
Cotton,Kharif,2398.876769673984,15.52254885500821,6.212754584054414,2.3333985604062195
Cotton,Summer,1668.1524003747215,35.17679811147789,9.528591783112882,1.8224304575483838
Grapes,Summer,2059.288757529108,26.31621782109788,5.960746960123251,9.561715474976733
Maize,Rabi,915.2386504246703,20.1941509926929,6.655002990435738,2.3581572266600657
Banana,Kharif,1493.302590798119,27.057541998923426,7.83075128846753,8.314047754290787
Rice,Kharif,2388.2529383591245,36.393666826190184,3.3827422203725264,3.2240352817458113
Mango,Summer,900.329661857497,21.346779769888265,6.051108555111802,3.9707483848690908
Cotton,Rabi,2185.6489287147983,18.711723294322823,4.006111054637067,2.6403096103430834
Chickpea,Kharif,969.2958848483273,26.482767985908907,4.006568736302684,1.2390583245159785
Banana,Whole Year,2145.8286834755268,31.24315431403418,7.749033646367658,7.8564660208842945
Maize,Summer,1019.0734695520896,23.589929294173544,3.5575350564810204,3.0905146294146455
Grapes,Whole Year,932.1935151537672,15.239883269446738,7.078969826973606,8.031622687542253
Chickpea,Rabi,1382.6049257300106,31.630501162574095,3.1305883719521796,1.9486051127331658
Cotton,Summer,1802.1692848047674,23.997352070166748,7.12770068346429,1.961742203359512
Mango,Rabi,1856.758969940568,37.935021506324496,2.0841579292527217,3.7000378987812788
Banana,Kharif,1251.4900485365877,29.17459196131104,9.153420853601958,8.283204875787789
Banana,Rabi,2447.4700947066276,32.64211778571284,0.6850564239625938,8.408531565388541
Rice,Summer,789.139148093451,31.789473660499624,9.15439075170974,3.307096733219562
Chickpea,Summer,2118.573708342944,22.91314366537857,9.749005847968844,1.67666529423841
Maize,Summer,2279.723091422531,19.180287353250755,0.505091316962547,3.270053695666051
Rice,Whole Year,585.7008731908988,18.23346859328297,9.115063439106232,3.3564281158659997
Chickpea,Rabi,999.1656369814436,21.44366513114486,6.261957320997388,1.3672527565412824
Rice,Whole Year,2387.861420749691,21.22169334915716,0.896539281968635,3.4558790897040743
Banana,Whole Year,2220.831699606119,37.89729465406248,8.690605220649378,7.208356987363626
Maize,Kharif,1695.4361454111934,21.34247601085295,2.5922566868213615,2.597486192713239
Cotton,Kharif,1500.121274898294,15.469217518150275,6.258514553893792,2.2675970311397133
Banana,Whole Year,453.1503143147256,25.13220137056564,8.512511877975413,7.841573208642837
Banana,Rabi,2495.9864989971124,17.98347362086809,4.279277183470598,8.41002613304216
Rice,Rabi,1304.1290699704248,21.399893218488764,8.856045561634273,3.3992947114540506
Mango,Whole Year,1429.196359662037,33.146196281629784,7.010992058681533,4.434172608518882
Banana,Summer,972.626747269982,24.365204213292415,0.6778300138524203,7.898625094176319
Grapes,Kharif,2314.450601262755,21.540413834261408,8.495607206114446,9.326628590977759
Cotton,Rabi,1166.953554657332,20.81246283215681,5.377516568916555,2.4774485748840367
Mango,Summer,1391.431076616409,19.844194036220443,3.636683138513983,4.80460838542822
Cotton,Whole Year,2255.6057645173655,25.593375398735205,4.79696219203608,2.9259823301722445
Mango,Kharif,1917.4646077015739,30.826653993022163,9.483734892393162,4.484627221429842
Rice,Rabi,590.9644038612785,16.171973405391803,4.3693233094157735,2.717913344824788
Cotton,Rabi,839.8575766653653,22.502614191401605,2.717664321112544,2.260959696374205
Chickpea,Whole Year,1043.1541618561182,33.40087798102451,5.8967472341058,1.0435326493146562
Rice,Rabi,640.337782164378,15.885540896936327,7.002193147792162,3.2692244119020355
Chickpea,Summer,802.8777356002029,22.70496515114941,6.922951097858122,1.1542621412160914
Cotton,Rabi,1784.670517501107,18.257561893876428,5.229406198811489,1.8703614822262589
Banana,Summer,2409.5012447877234,30.37393486108818,1.4157837557718413,8.341915892326643
Rice,Summer,1776.467060401091,26.83329091406889,3.7048282414966716,4.330262637796185
Maize,Whole Year,841.1784667928976,17.2338911934986,6.599337928669918,1.9934299847237424
Mango,Rabi,1183.2182109615433,31.179496912503314,6.209058705351707,4.599095363802916
Banana,Rabi,1282.3698286901172,27.5599832371685,2.0779597663056992,7.984105204193891
Mango,Summer,1570.4737957739385,25.991234038299577,9.723221059925724,4.921365411215175
Rice,Kharif,1725.906533164761,27.910491933329297,3.7803423277242025,3.4971032401393307
Maize,Whole Year,1430.0644325258727,37.00770444485677,6.499331746300479,2.1261203628434235
Maize,Whole Year,2216.914075165263,33.18205894866133,7.6176404642204085,3.0833580869444988
Grapes,Rabi,2055.3571407878353,23.77351907465256,8.767379801763846,9.076900812555385
Maize,Whole Year,2286.5050947972554,21.78259278436458,9.859982200294752,3.3541271021668635
Rice,Kharif,2259.5559499471087,26.389244123746515,6.448566661253269,3.990916323849355
Cotton,Rabi,1694.162625471593,24.046308085744435,0.9900194414902521,2.74726375806723
Rice,Rabi,740.382492872222,28.93824737782637,0.9015985998302933,3.7769518888615194
Cotton,Whole Year,1139.2517028576876,20.008309830860345,9.054359612560727,1.7236959155710245
Banana,Rabi,1138.9207055975503,31.541809506359684,3.723265229650411,8.070443124541404
Grapes,Kharif,1439.9261214073497,36.06440500662292,7.1019052306268415,8.407386948910705
Maize,Rabi,2216.138200300901,26.265663628640915,2.8747060544561096,2.902203676411146
Chickpea,Whole Year,821.2753174896867,23.077615750354738,6.648640092563402,0.9742032365425308
Cotton,Summer,1049.5789244786097,15.945299478835516,5.440738463159192,1.4581157432491112
Chickpea,Kharif,709.308441489962,35.15251343298694,7.577746935538143,0.5818873972152537
Maize,Rabi,707.7048940632028,21.72365622043904,4.1501534055501565,2.739014816707848
Rice,Summer,2347.8581449389903,19.836714305975985,6.882928732549232,3.678093852008047
Grapes,Whole Year,839.5440925136858,15.061428070197946,2.70239484605438,8.142683260195378
Mango,Rabi,604.1886069806624,23.46514458918645,6.6348351002667965,4.766382805004137
Maize,Kharif,789.7070966108005,31.519851244106995,1.3700663040316905,2.4160538864802974
Banana,Summer,2410.1202912048248,23.308281092475205,7.840678384419407,8.726523310596283
Grapes,Summer,877.5319248620963,16.299826106648496,6.993458411082651,8.084678985998133
Rice,Whole Year,1042.2251515886896,24.897425056262886,6.772406491816382,3.0216954058611587
Cotton,Whole Year,1310.157170918906,26.82134776436974,6.830040159847027,2.184007363911463
Mango,Summer,1038.4687335254876,32.2697229478715,4.789242248294971,4.222365371113794
Cotton,Whole Year,2079.6221795055762,31.42938204803304,3.5864331359815154,2.4985977752000093
Banana,Kharif,1791.7693728310976,16.696716800086282,8.455653348135154,8.381553180026877
Mango,Whole Year,1832.477036029268,25.00972802422207,8.227247506686698,4.567950338099151
Mango,Rabi,562.801653647892,17.86628814953427,1.5449062585666984,4.082218063043433
Banana,Rabi,805.1477654262341,25.25270542715873,1.4370553956281846,8.344687918833616
Banana,Rabi,2146.625452728206,34.56787216385841,8.64915853827984,7.788033993520686
Cotton,Summer,2190.384272515791,30.822526167990624,2.1172094530878116,2.4761892885803114
Maize,Rabi,2290.484264563138,26.445974137206917,6.233282014540581,3.7673722752834804
Banana,Rabi,1484.1544628345891,27.927132815344294,9.68914538774933,7.826292301264915
Grapes,Whole Year,1036.0009732319945,19.81261255938737,6.563361849021751,9.335002227985957
Mango,Whole Year,540.5709545080975,17.006587975053773,8.838919743987093,4.123510920110424
Banana,Whole Year,425.19778201022797,32.11818005527203,1.3382010089217231,7.562961785372384
Chickpea,Rabi,2253.4606084411107,31.0887824033494,4.343314291709116,1.6825541401658597
Chickpea,Whole Year,1676.4170691935412,18.253989289764355,5.428245648456445,1.579689787514148
Mango,Whole Year,1832.076554265243,31.972242112578314,5.748711620127013,4.1787452148334525
Grapes,Whole Year,1349.418639277424,19.941232393856737,6.402469325785667,9.089099596001107
Maize,Kharif,844.1350640568379,15.527682937017344,7.70685573290943,2.196679091500809
Grapes,Summer,1605.115456466605,21.423372206355033,2.834994743183027,8.895612191466348
Cotton,Whole Year,1057.3339694358265,29.99619836674634,3.557460597776131,2.1127094629835512
Banana,Whole Year,1187.4971092926785,24.007495426683843,7.31189377287056,8.520758817466701
Grapes,Rabi,1775.7209680185313,31.96143354016179,3.6603173833645766,9.279798621864732
Mango,Rabi,2083.3513680176793,25.094195439165606,6.441971656479858,5.315698760702665
Banana,Rabi,1075.4913583836246,34.03130149605783,7.173130764406217,7.925444882342578
Chickpea,Rabi,1799.2939406877738,24.870655332233653,5.001981867189545,2.1410652687667673
Rice,Summer,1463.3410448463799,34.77336547972578,6.438096690013852,3.3446688716283437
Cotton,Summer,633.1646605645552,18.08854887827891,7.6233489789284254,1.4063731711018983
Grapes,Summer,2290.7440913698783,27.608726872772646,7.757777508532583,9.354701311118088
Rice,Rabi,1234.8720082793823,36.64874355770169,9.986175539743854,2.6327711057407543
Grapes,Rabi,2029.4138583176614,19.569573773953937,7.573660085815167,9.306625586214889
Banana,Rabi,563.1156630395177,17.467016565363735,0.5025720119511581,7.035911489110706
Cotton,Whole Year,518.9702938491537,17.41937223746513,7.81448307008992,1.8236492761800709
Mango,Whole Year,541.89693998062,15.67900241610942,7.4623362646416345,3.576175554792231
Chickpea,Rabi,1903.3650108750485,27.25503830714071,4.269189024446954,2.288539434464133
Rice,Kharif,1623.8222747225707,36.54931837394834,9.856872331343622,3.2783691142877665
Mango,Kharif,667.1040061340736,26.89667794003502,1.4586735376738844,4.317334608050896
Maize,Whole Year,2001.4848559753877,29.93187779042299,9.574203817058045,3.5581442384215833
Chickpea,Summer,1583.915793103064,30.141010571516958,9.06211152539829,1.4658696691640847
Grapes,Kharif,637.6444720735403,24.831422679651247,7.403723423522139,8.467286835730302
Chickpea,Kharif,1136.1657319716196,35.91601673432296,8.92694201847616,1.3441884465051892
Rice,Rabi,1475.6291355893607,36.21413274789902,8.922654838637158,3.5654006657624944
Mango,Whole Year,1784.3152940373193,26.96772795277387,3.5109238815101667,4.528834159829157
Cotton,Summer,1165.0075969351574,15.311904236959204,3.849950591927567,1.8229910658283353
Cotton,Rabi,957.1495995796278,30.618526339705557,8.935951576727321,1.711768390314513
Maize,Whole Year,2116.856950628232,31.28946538807735,5.205353604643413,3.2578504210148296
Banana,Whole Year,1805.0435677690114,15.589733138448812,5.885834974922299,7.441809231019901
Maize,Summer,2002.393024146937,18.07110417781265,7.845974174198227,3.379354069087771
Chickpea,Summer,574.4960563417137,17.326012599477163,8.156919148659059,0.7419038853005039
Cotton,Summer,1991.0861358189782,31.10261492502635,7.467709781548249,2.4558086394922007
Mango,Kharif,1120.1965102199579,22.351784564304538,8.314972674262815,4.176667052944048
Banana,Rabi,1443.020879731652,36.319820885073966,1.8291586484008597,7.175896824754628
Cotton,Kharif,1454.5719474236525,32.826384264635244,0.725010451511795,2.209346729077117
Maize,Rabi,1084.1569967401651,23.541265324280936,8.315582960617949,2.7473589825759595
Maize,Whole Year,1061.1143899798049,37.36512758325479,7.0841947629298385,2.0110637622374474
Cotton,Summer,707.3138269403873,28.937626411446598,2.8990890956079816,2.2447265951856936
Grapes,Kharif,1792.0412001057916,26.583243650467498,9.75782221403129,9.611910150962634
Banana,Whole Year,830.2747538974024,35.50016538938008,5.882389724767647,6.87413295749439
Banana,Rabi,2107.9759785628294,20.729278484266416,5.851331192721792,8.746760163107366
Cotton,Summer,685.8517431858929,36.577296591548944,0.5033593193536221,0.9266569968627097
Mango,Kharif,732.6153635656233,32.0590270672256,9.30254020284965,3.8115909859549775
Chickpea,Rabi,1579.4452252916528,23.868590314113554,6.217118155327916,1.7946418241707005
Maize,Rabi,2037.0592051230494,17.53725927174977,9.698429534780887,3.0627448096278815
Chickpea,Kharif,827.4653637059281,18.154024238532653,9.771414856981128,0.9103590551398214
Banana,Kharif,1343.747106576137,35.45734277946114,9.601925673767102,7.374792243161297
Mango,Kharif,2036.8727569831865,27.42175377172195,9.569275652304555,4.728545060870715
Grapes,Rabi,1955.5019133576777,24.142358045172656,7.00459565265822,9.774879744938886
Cotton,Kharif,1510.8162494949283,31.110477322039273,8.721284320048754,2.1092972971742077
Grapes,Summer,1723.5788861054289,30.277395288269453,7.0250168526342085,9.32490361403074
Cotton,Summer,1884.166449854332,37.58407241382662,8.13254781154089,1.358456367743209
Maize,Summer,454.47502258528186,35.24392366058808,5.853624615415038,2.229679798978031
Banana,Rabi,1499.354602974518,26.594972703579767,2.8581514620165405,8.102718743805656
Grapes,Whole Year,2131.052467366475,35.10086418285705,6.103179014020625,9.016381201216515
Grapes,Summer,429.79223442124703,35.61952558568983,9.371284294136782,8.165670572451848
Mango,Whole Year,643.2846365518853,15.914382557136646,2.423249031604667,3.7130017543221077
Grapes,Whole Year,1653.571634941442,27.28464898949941,3.7952382574896406,9.44779150299452
Chickpea,Whole Year,1684.4161961665711,28.77966385317479,5.5315488441141145,1.585778344323356
Rice,Summer,631.1153938279806,23.36225135961761,9.458488098045683,3.5178868487382413
Cotton,Kharif,2270.427855080375,32.80602501858838,4.182525580909482,1.8817642747829615
Maize,Summer,1253.422075698624,32.304531834520645,0.907634606743998,2.4790657508575267
Chickpea,Whole Year,2052.2928907656355,27.764902203063805,5.983588077435427,1.7271182095018298
Rice,Whole Year,1022.6425060519725,35.72200225293798,9.734084215030142,3.3302581187128517
Mango,Kharif,513.3948216433408,35.70978368408366,7.202265914755707,3.8145605380498866
Rice,Summer,2237.994503016888,36.838221920453506,0.8892305055578514,3.6098253145839454
Cotton,Summer,443.7363801358759,37.41052964380488,8.871946507925406,0.6366104669036711
Cotton,Summer,2192.4656304848713,15.91577934977854,6.210643303755284,1.9787575382154414
Mango,Kharif,1512.5211564361603,31.79874788006966,7.45928520224154,4.26287267806849
Grapes,Rabi,580.6384267093739,15.557590242249221,9.618407211096981,7.946821890230064
Cotton,Rabi,2273.947761694275,31.385443317645354,1.1931530742595229,1.9778703297813935
Maize,Summer,1477.8164089317777,15.476513076730079,5.292842589325925,2.1332866763129923
Mango,Rabi,1262.510011047643,36.00150958605468,0.565649293202823,4.294034235885331
Banana,Whole Year,422.193750481448,28.743899836428135,3.760111083713169,7.531738192111461
Rice,Kharif,1146.72609303693,25.89914236315754,9.478100366879143,3.1864046569073614
Maize,Whole Year,2367.995863384487,36.19187074597971,3.5658799168480595,2.456445246308496
Chickpea,Whole Year,667.1672081767001,29.497778102855328,1.8955669609961816,1.3534384322635353
Cotton,Kharif,421.6172966065253,17.952835564679418,8.695808529219072,1.7591870668925207
Banana,Summer,1454.8398064435778,27.247693166285657,2.638442517526727,8.098364552020843
Grapes,Summer,579.6274214796184,20.74845015064479,5.656643284934288,8.543103661539734
Mango,Summer,998.347056453912,16.17107604763024,5.411476444925376,3.732721832605261
Banana,Kharif,792.9341891230085,23.234104305836105,2.0460836100205153,7.928391529108806
Banana,Whole Year,2032.5313147121476,19.480371583592618,8.154775712876463,8.391381497527854
Banana,Summer,1885.7550727785313,20.729567435375973,6.282678410212066,8.502800264228574
Chickpea,Whole Year,1401.4099243570213,17.934160671818283,0.5902259537820087,1.459293282483595
Chickpea,Kharif,1141.32036472024,34.21746822503256,2.802574450262392,1.2927508893214923
Mango,Summer,1154.9932017925303,15.471364805787964,4.644772565958616,4.068539804915007
Grapes,Whole Year,2017.8223293051676,30.162926995681403,3.1121658369016045,9.727179959413744
Banana,Rabi,657.7709047646742,31.67294741255591,7.985430533801256,7.145432664216826
Mango,Summer,1646.1240195559337,37.30372038794362,6.456239192666328,3.9481344500530153
Maize,Summer,763.2149824167827,30.802321504494714,8.929491466397518,2.2954588053574962
Banana,Rabi,2329.427778226882,35.78235099615985,9.356529995505019,8.224696054342298
Grapes,Summer,2050.8764289049054,17.434152968890956,1.6587947535036571,9.351866913003109
Rice,Rabi,2275.9111241325454,23.26990304746382,4.376260015359541,4.0100324213805125
Maize,Summer,710.3383840639822,25.273994032970812,8.070082023461817,3.1331499061250723
Mango,Kharif,2334.583822046162,24.791146591923223,1.2362922174410333,4.613180036472529
Mango,Summer,1863.0830782035184,17.96548744039309,0.93172964513397,4.698678170438667
Rice,Rabi,2478.02616528542,19.829364868221308,1.6037559622026945,4.012818129050852
Grapes,Summer,2125.5415632337044,30.6703702814876,8.663481934014808,9.407643508075003
Chickpea,Summer,1559.516933933773,18.93550922833664,0.9333184254830703,1.3197149611351333
Grapes,Whole Year,542.2868798689029,22.623404536023912,3.448246860942693,8.757527634739406
Chickpea,Whole Year,2491.923256286936,22.762910045165434,3.091947217471729,2.4685194050608272
Maize,Kharif,434.06199190992584,21.803033655768164,2.467330290111035,2.8084497280055594
Rice,Whole Year,1844.761485252194,29.107699109216597,6.494750649087429,3.524256217598611
Cotton,Kharif,2284.0081303780653,37.59829480783402,3.9932323719709837,1.3796391454622583
Chickpea,Summer,1692.7210903129212,27.400625442323115,8.040372925368306,1.9847588526537603
Rice,Rabi,581.3928089878209,19.29618649398343,2.3669119383243475,3.293950374645883
Rice,Rabi,1214.5008300346756,29.568120952112118,5.6433268908976135,3.805961172838564
Banana,Whole Year,2029.2845998165694,37.796771081480976,6.871990984349915,7.199289632280271
Chickpea,Kharif,1522.0134769284912,16.085773626235635,3.3779862609249593,1.0402350832763165
Grapes,Rabi,1930.8098395163972,16.931280106078535,4.712289273163901,8.851056165380928
Mango,Kharif,2064.0409121614516,15.216111973115853,8.0207766220735,4.500909765668662
Chickpea,Rabi,1135.4582946398584,21.515107349016187,8.660600165046272,1.6721258258194767
Chickpea,Whole Year,2284.5236738708186,23.618458970082962,9.45355573108987,1.7641712880932263
Banana,Summer,559.808954506779,24.60220169300882,0.7127480605689003,8.056596315138474
Grapes,Kharif,728.1119601710536,29.400906705929486,8.777819102306236,8.729647799012028
Grapes,Kharif,887.7534443470233,26.345749734682556,0.9587354984823442,8.95261693008616
Cotton,Kharif,1532.8973367197605,32.53755277965718,7.363965812991885,1.6396822507185818
Mango,Whole Year,999.0401206752668,23.833558166975532,7.694352035931871,4.946230795716502
Chickpea,Summer,568.7880679044624,20.432222401563305,2.4315588261724583,0.7768578831925252
Maize,Whole Year,909.244557787094,34.039901578169356,1.0307238258157367,1.9838867559604334
Chickpea,Whole Year,2488.740464727499,23.739247783194827,9.646298472812472,2.2494196468836547
Grapes,Kharif,1647.4108259342731,37.299455209807256,6.040009152215432,8.533485938690248
Maize,Summer,960.8118874663603,28.77882737052395,9.771027412497537,2.527172671682368
Cotton,Whole Year,1026.563028991137,17.880438061707828,3.5896752596142423,1.9736072879440596
Cotton,Kharif,1421.68631936875,29.39070340808624,2.4978117423481927,2.028165552170144
Mango,Summer,434.02266567945946,25.055759079009686,0.8047981680779781,4.236075510773694
Rice,Whole Year,1458.0173059276003,31.573320821498957,2.9589288672983387,3.8575176642224918
Cotton,Summer,2259.7681113595586,37.719751871788816,8.921661701162886,1.2359392536330733
Banana,Summer,2141.3857092332037,22.25297287362278,3.426160402896479,8.480161258156377
Maize,Kharif,2213.749838310214,15.221840609844502,0.6277486197410774,3.097390832853453
Rice,Kharif,1144.2963518656388,19.877518590273418,4.270816011509364,3.3715474094920586
Cotton,Whole Year,711.149713089603,21.518711064106913,1.6412017260490819,1.6864073692726311
Maize,Kharif,851.8867453903307,23.54818678315862,1.8778769217833,2.5301279326994646
Rice,Rabi,795.812400703219,29.28006513013416,2.2269736981729635,3.0253932181754615
Rice,Rabi,2096.8718488329805,26.748311277200752,7.918300636480841,3.937791351473572
Chickpea,Summer,2161.16379422076,22.290354260845234,1.2428967832864313,2.0273037141456234
Grapes,Whole Year,966.8153141975115,18.917788492677683,1.8087515945941608,8.759137980744383
Grapes,Summer,2348.4882329441098,23.131683091354844,2.7454421515850536,8.993196603337203
Maize,Kharif,1158.803359391252,33.42989512433387,1.0177703752355933,2.8709274212982745
Grapes,Kharif,910.2181572934294,19.073466007321557,1.117112111024992,8.851459145579337
Grapes,Kharif,1376.337674953645,16.90073084804861,7.017623386981868,8.45717275136936
Banana,Whole Year,1274.3953284562008,30.357616606367728,1.0840923571368417,7.684902125416581
Maize,Whole Year,1531.831506188183,17.78857458006357,8.845556236905498,3.091738628944502
Cotton,Kharif,644.1495495127385,17.082919539492742,7.430728583194075,1.1980642436271287
Mango,Rabi,1057.40842928232,35.833648871300966,9.118567494857613,4.007863635606806
Banana,Whole Year,2229.9986236669174,21.16733260362699,2.4876296868388375,8.460206970365931
Rice,Kharif,1427.3587260168758,30.382220826260777,5.342610729015491,3.0854195179622743
Cotton,Rabi,1874.8107608906776,25.953047779422313,3.1445630961544593,1.9174519319258043
Mango,Whole Year,2385.5269405838144,22.475467138183767,2.8744371651214298,5.028883147589447
Maize,Kharif,1135.9508651220904,27.860590050495365,2.647280348666725,2.9556731076538085
Grapes,Kharif,1321.918293829,29.182083498673514,6.138960141477505,9.26524277253681
Cotton,Whole Year,2398.060506453731,32.542108808244556,7.288497969723424,2.160412439926578
Mango,Rabi,2291.7158219902126,18.49638856764812,4.444265761414054,4.801474941889338
Chickpea,Summer,996.7950150563236,20.535646247127886,2.5941572552469596,1.5024065336703707
Maize,Whole Year,1764.8069814205403,25.43654866457011,1.5852670312095556,3.144153489395462
Cotton,Kharif,928.670333210949,24.364884002738783,3.0720604224484322,2.09347673383724
Mango,Kharif,928.3451715197776,21.16886737559512,3.0768864066164143,4.179762311585049
Chickpea,Kharif,970.094477846454,37.11809212937459,8.542753383829815,0.788537774346094
Mango,Whole Year,524.5653265194878,16.29063503229215,3.755573336947255,3.929768043362981
Maize,Rabi,1710.956787604208,27.9925260463745,4.446233451070975,3.3464436289135135
Cotton,Summer,1739.5542483226488,27.387572176149686,2.2352288763162287,2.587268624544925
Rice,Kharif,1895.438799145663,23.242038820023062,1.6369921405531362,4.352143453080109
Mango,Kharif,905.6230736993608,24.0446732020238,7.8522364136765415,4.654562901944384
Chickpea,Whole Year,848.937917468293,27.87526252236054,9.980051072282782,1.8228273737869436
Maize,Summer,2209.9792883604996,32.319801020883,8.934084918919652,3.4657431733587702
Mango,Summer,488.10673253354577,31.4992270264246,1.0777222442715315,4.258435449183983
Cotton,Kharif,1431.6027545859579,22.39483347467198,5.098992644189304,2.0640377496121975
Rice,Summer,1845.4140694654893,31.486460302501886,2.5308380568107802,3.731221355782523
Rice,Rabi,1319.2643812040117,26.713402448858766,5.843736606866386,3.532502261239774
Banana,Rabi,1325.7381235818398,26.78702279501572,6.434003156009518,7.9576822490711505
Cotton,Summer,1673.7199323305301,34.33562516925907,9.273733032149364,1.697338451730579
Maize,Rabi,1166.6428211783063,36.27395326283579,7.9722894247066245,1.7774063246767593
Grapes,Whole Year,1397.6833977632493,31.182873986885053,3.252539965367202,8.604001618940453
Rice,Rabi,2459.5424666295703,27.229367460839807,4.142982320994032,4.146777348195835
Mango,Whole Year,1290.0535442118744,31.54206449591346,7.805617331934513,4.189109435833392
Mango,Kharif,1284.0705684898635,32.803666302526764,9.562828432665288,4.236396783680549
Grapes,Whole Year,1200.7104893212886,25.91137392957299,8.549022669056846,8.778519389552535
Chickpea,Rabi,1558.551892069164,29.682946103599996,0.8074845208464856,1.4244974537071187
Chickpea,Kharif,2404.9419224979315,21.350078747453786,2.8941146992134716,2.3230581453058727
Rice,Summer,447.3392044785957,33.89053951676341,3.254016561520074,3.1704631518003854
Chickpea,Whole Year,2350.0735877664742,27.603549980601017,4.194035522256755,1.901912953981559
Maize,Summer,1247.6740234580352,23.5832347937417,8.493537392610481,3.0344522635664966
Banana,Kharif,1160.6741303541567,34.69124980450189,1.4685044955016606,7.895889483547249
Maize,Summer,2340.7659507574435,30.256730928893006,8.843566705227799,2.8842808361845824
Grapes,Whole Year,702.8894440027365,27.411090109825928,6.972556431407394,8.639012522324057
Chickpea,Rabi,914.2132533389752,31.607064054436254,1.1635015798016743,1.4875013160666708
Mango,Summer,967.1403538240029,31.16616475548077,5.057387464502427,4.5248992170688105
Maize,Whole Year,1674.9556600490218,34.54236838847669,1.4213083107741329,2.3754527582223908
Grapes,Summer,590.5907510062467,32.788406899918655,2.9530315702663485,8.465358052951181
Grapes,Whole Year,1662.2234625012138,30.806104417158522,0.7751441990124968,8.906805549543673
Mango,Whole Year,1498.6566278751739,32.59686621817956,1.577109994741634,4.126375016525866
Maize,Rabi,422.82191017583324,34.15164217161594,6.959083668949444,2.4843830738158372
Banana,Kharif,916.4188331919669,28.485897583162846,8.78509080752762,7.617710198061925
Mango,Whole Year,1190.819522079834,24.87929511174884,2.6114030941234536,4.501089670778726
Cotton,Kharif,617.6083237421947,34.48261880902558,7.700434039083657,1.443641447786844
Rice,Summer,1050.608513955132,32.87476674611063,8.619100837308096,2.93178905429856
Grapes,Whole Year,726.8471020215557,20.329632280660224,7.39971817748311,8.624693944919972
Maize,Whole Year,1621.672954352473,18.988559020279702,7.383630636081502,3.2866565213936187
Chickpea,Whole Year,1813.9317051117443,15.095623818817039,9.136060982482793,0.9056875099287368
Chickpea,Whole Year,1379.7603732575617,37.113279196887824,4.882197829059458,1.3642495899797282
Banana,Kharif,540.7458821848868,25.409785306999765,1.630052864612761,8.222395172731217
Mango,Rabi,1095.544640400963,32.04971836232253,3.933157153858647,4.578015332173672
Mango,Summer,471.5754393840497,29.959713507772104,6.7433187282743035,4.06939888637081
Rice,Kharif,563.3980107432113,28.873373843076354,8.542788108341252,2.7416024071585223
Grapes,Rabi,621.4067994771005,35.257374450578936,7.417550016034335,8.173207980886074
Banana,Summer,1098.114497228858,33.62265809988989,9.770265562791588,7.2726164501085355
Rice,Kharif,666.1033780944895,19.15364998951336,0.9153345673098852,3.014904957834795
Rice,Whole Year,597.6393875114358,22.215530104216228,9.373531727554482,2.9269103602947224
Mango,Kharif,1234.4320984149886,20.338657597325454,4.013305451941937,4.570658030523041
Maize,Rabi,537.674897141154,24.936343099761398,3.3940893031537214,3.002259916352994
Chickpea,Kharif,2459.1374162507295,32.28862689059414,9.608020717518745,1.7314819824310208
Maize,Rabi,2385.5288589814063,34.17291347971518,7.257802939842626,3.2106079029942367
Grapes,Rabi,563.3982980081419,30.363137232551388,6.3568675545890905,8.468485172012839
Rice,Kharif,769.0358817994513,31.75153054398875,3.4122207581539223,3.4789693522375624
Grapes,Whole Year,1064.0506668519367,36.459465001210795,6.3170865255637985,8.610724372424444
Banana,Kharif,1740.6117965882677,28.32515524282752,1.4824826870400414,8.24121422566047
Cotton,Rabi,2145.1794121644175,21.783656367017993,1.5413413293986284,2.609989964609203
Rice,Summer,1433.6772542400477,30.401767696731312,7.1226850780987565,3.6142408473768883
Chickpea,Rabi,2399.9914504694484,37.35012361877747,5.979946077417525,0.7444673893012553
Banana,Whole Year,1050.6330782967132,31.035737384239994,3.394280144125713,7.575719443553684
Maize,Summer,1339.7084359022892,18.0175442084482,3.2629951009378235,2.8463034251326103
Cotton,Summer,771.4798373042233,28.68251163319583,5.656247348642524,1.7004906599455483
Cotton,Whole Year,977.9536845378605,30.023495899421874,3.989569031523339,1.4828005655559244
Grapes,Kharif,1229.3031120899518,35.3687915975795,2.4201980235203067,8.162593332781013
Rice,Kharif,1485.7626205868837,29.515614288209278,5.014493274154105,3.5987344576596065
Mango,Summer,1033.1004755440083,25.906565962447416,7.729386127881643,4.5459954610175295
Banana,Whole Year,880.3383007573982,25.227327522587967,7.157410249161651,8.351708640643952
Banana,Rabi,879.0344210951116,18.922717608377994,7.063213868830369,7.664730197842468
Cotton,Rabi,960.1890046896867,25.95352974700456,5.543411387503808,1.8275104890809952
Chickpea,Summer,1142.0738010658429,16.63608016909125,7.25122280294772,1.1817635366802843
Cotton,Whole Year,475.5646315224869,30.453790107492544,7.120132871447865,1.4365536118053215
Grapes,Summer,1997.0247125864091,22.171984883366406,4.813208671102291,9.033940431668771
Cotton,Summer,976.8144470907619,32.33492242510589,4.303271254582617,1.7758530286422438
Maize,Rabi,2201.4758241975496,18.344260184520973,7.724921212687665,3.0224804594043286
Rice,Summer,2412.8767654712187,24.69994846827472,2.053657332681516,4.175667921040764
Chickpea,Rabi,1537.2926214603747,16.502340844824378,6.172552180322122,1.6513763688476393
Rice,Summer,1145.026207151248,26.7889145961922,5.032526939250394,3.9902352828239342
Rice,Kharif,2052.620738277242,16.972251344425377,0.5823524873080248,3.974387651096446
Cotton,Rabi,2372.7226006699675,23.97946903466567,7.417070710288837,2.3881353276255517
Grapes,Kharif,1675.4844474954102,37.18688982632938,6.907960599934762,8.951966874824041
Chickpea,Summer,2290.111005630808,36.5492099553215,3.541469869267244,1.1705858290500775
Banana,Kharif,2056.5978654069854,34.819421428897854,9.791469498813957,8.231022467699383
Grapes,Whole Year,411.91230789324453,36.619708011253664,1.0254205405895376,7.956314207271177
Cotton,Whole Year,675.9771073642287,37.02660767347537,8.030773089833154,0.7437357793204267
Maize,Whole Year,527.6868483479346,32.751369129370275,2.9852499024003443,2.0897260390318264
Chickpea,Whole Year,2362.0466316861935,27.905582811261645,6.595193868607222,1.649521448688591
Cotton,Kharif,2199.706326212644,32.53005375303769,0.8343545969915993,2.2280403012168297
Banana,Whole Year,1936.0446491639418,29.60970786320742,1.867539028458347,8.558471217436391
Maize,Whole Year,2125.2923900062738,22.27628780772035,7.983948622788919,3.0930456743060644
Chickpea,Summer,647.2006001848742,25.723802418023237,8.44300346162003,0.9107127131894214
Banana,Kharif,1205.0421902413027,30.0213975505255,9.755350220751472,7.886025870495478
Grapes,Summer,1568.522923160413,26.287408163865248,2.729826357701429,9.682083136245431
Rice,Kharif,2435.411940274412,26.654176622670246,5.993883593998284,3.9982394425499383
Cotton,Rabi,1265.8794879222055,34.50180983489112,6.018508324744998,1.8072121350500763
Cotton,Kharif,804.471957761627,31.709390762507464,4.0499812194136835,1.627606445384949
Mango,Summer,2368.170167167361,35.93124206364902,7.667541701235688,4.228528762358897
Mango,Summer,628.2594850486175,25.087157585430383,8.473895882620578,3.9801775118365703
Maize,Kharif,1107.942948424984,36.486072750940835,6.106453671674783,1.8918304387405342
Banana,Kharif,1202.017289970277,37.546129201979774,1.2482662253740497,7.740736763280046
Banana,Summer,1629.7029853916952,15.203722290522716,8.863654127038169,7.451678875199227
Grapes,Kharif,684.7573552167921,23.761830291708566,4.104012664633695,8.50776905236444
Grapes,Summer,432.7440392457111,15.941921159613743,3.188664338305374,8.414167751377455
Chickpea,Kharif,1312.200661464689,33.80031032279698,9.100941938470374,0.9173881721556006
Chickpea,Kharif,597.7389990308059,24.28177157194962,7.158821754275142,1.4870238656302108
Grapes,Summer,2040.033272746845,18.957334342811677,5.248445862070772,8.83751094879263
Banana,Rabi,1163.9431594336243,32.88846336571491,5.000595881361986,7.493798923678522
Banana,Kharif,2157.391966252982,24.96901151685924,1.6060415919097175,8.149518086276942
Rice,Rabi,1474.581052327098,25.112847483041374,6.81600117669289,3.555508611297654
Chickpea,Rabi,1844.6536489421067,30.240190922130314,0.9249877501461901,1.2733065362360727
Rice,Summer,600.5296778222734,15.039764688631848,9.858722835977742,2.3220818316299376
Banana,Whole Year,1394.501355674881,20.602540677854563,7.372038320046219,8.196427625852037
Rice,Kharif,1337.928987965543,27.027822306032142,2.8245763326636295,3.9424765084552704
Maize,Whole Year,1238.751882459543,21.82527353394341,4.637054323848865,2.662074264798298
Cotton,Rabi,1342.8328450861475,24.633555287752717,5.908751415940377,2.4941907232961285
Rice,Rabi,2378.296601441243,21.388399595966213,1.7632282344187125,4.298929091155518
Rice,Rabi,796.204891684342,34.662054118495526,6.4746251331831015,2.5807559760118943
Maize,Rabi,926.4084755459141,31.79069628689807,3.3605273933853557,2.7431301299535766
Chickpea,Whole Year,1546.2444192549701,23.64721670743325,8.821254051637629,1.6874836153117152
Rice,Kharif,1029.8398923096836,26.12554913462709,2.2484174541575763,3.2435112820661933
Mango,Summer,2373.8736551346205,23.713312932153904,6.03551933400106,5.139118167651791
Rice,Rabi,1134.4322661254055,16.782020283189212,4.716220498645561,3.2403734248529683
Chickpea,Kharif,1674.2262696725013,15.771148397669318,3.112038471519228,1.3650228958094173
Mango,Whole Year,2162.3158806124857,16.9471591283227,3.066661025464502,5.120795028358082
Banana,Kharif,1982.3672531640173,19.771666729529677,6.756532620841427,7.8965555511288725
Rice,Rabi,2060.071269320339,34.33770137119488,5.430150838869263,3.7414772570746924
Maize,Rabi,2030.541370134488,24.37520111728026,6.0551756942724815,2.864977071253487
Chickpea,Whole Year,2465.3768623591804,32.64820564334347,1.9025152678427177,1.8774069507869737
Maize,Rabi,2021.9252075718641,15.627818116234092,8.83755714475629,3.2317546833553807
Grapes,Kharif,691.3422891556094,37.851428541733014,8.68319331878565,8.246567254393613
Cotton,Kharif,1527.5606539208104,32.972489499858796,3.529154218771704,2.067816334848339
Mango,Kharif,1602.4790039264112,33.01131713418698,8.782364909063796,4.829244412712736
Banana,Rabi,1733.3054135147966,34.7556387351322,2.649446196934346,8.28945098922721
Rice,Rabi,1612.9647215342306,25.561437298626302,6.994875369450937,3.729724620338885
Grapes,Rabi,847.7545421207003,26.540932417093423,3.5401506780162073,8.942698157332279
Cotton,Whole Year,2465.0744532917543,34.691229810247556,5.598908407121527,1.6620140426981296
Cotton,Kharif,1442.4503510809072,32.2897154491245,9.308674638531881,1.5480798874207284
Chickpea,Kharif,1716.4865075029725,24.795943203974566,2.10033209118472,2.0379220470111408
Banana,Whole Year,488.41258558251593,17.47934662236191,8.46295366465449,7.615095620820263
Mango,Whole Year,1772.33032248901,33.1412185474404,7.907671666901176,4.28688914430256
Maize,Rabi,536.8313099058848,30.594443110233364,0.7840320904033704,2.417541874353132
Banana,Summer,799.8372217044621,27.837916584357615,8.45753287402502,7.986397512824519
Maize,Whole Year,1144.8539906476094,30.936733045557794,4.196810687472292,2.2058814881615834
Maize,Rabi,1097.5261642763417,25.469975346790058,9.641308766759789,3.013612813342957
Mango,Kharif,1054.0048532196229,25.79820056028386,9.077388029099891,4.152002293474906
Mango,Rabi,2187.3055016796634,28.194929593868476,9.783703791010774,5.204922004757648
Banana,Summer,2299.9358507134666,29.726104748844662,3.623881880094341,8.537068665965142
Grapes,Summer,1642.1038044869201,29.182480659177536,9.944273984884516,8.757212761478934
Chickpea,Rabi,2312.372938432901,22.624548595458947,2.5483434293645324,2.1885175491205233
Maize,Kharif,668.4470839990981,24.618888867358866,7.260229728363396,3.028104543807955
Maize,Whole Year,1279.1852262140246,26.43335277133574,5.570821145025739,2.9599881886461787
Mango,Summer,1848.0972710690558,18.230754053282112,7.814105865702309,5.016623509665878
Maize,Summer,2286.750468499068,23.7272133738549,8.838440384434712,3.7325198894117917
Chickpea,Kharif,2433.7231058092,33.48374487324463,7.570636585627067,1.3578822233738397
Chickpea,Summer,560.2088771236181,22.675670174673737,3.9246883487070807,1.6848144439088486
Grapes,Rabi,1207.7172322243243,28.36217055799949,4.507487230047482,9.12446885580298
Mango,Whole Year,442.32377433000306,32.08099560510952,5.646130559938271,4.403664102896808
Banana,Whole Year,1634.6197454899998,29.59977124400666,3.623144143401461,8.079685704723424
Rice,Summer,975.7650443395069,16.31622100871977,5.9357187213122415,2.6412701142116957
Maize,Kharif,2395.5849827578686,15.48570694368702,4.102287220637505,3.1201695242165712
Mango,Whole Year,2381.0456241064367,19.149352773234085,3.179420346021274,4.630035499330961
Grapes,Kharif,1175.994369257374,24.04514889016129,4.912817382638045,9.389796298124137
Banana,Rabi,2115.378762249561,20.074697862998022,3.0535382735522605,8.409409516800226
Chickpea,Whole Year,1440.250747200711,34.8437746375764,4.154300873862113,0.7729992123492135
Cotton,Kharif,915.2686140702918,18.34736186736743,6.580217296377524,1.3376818530667776
Maize,Whole Year,2082.573111716495,19.339341269976167,5.010215748426442,3.0601029002036966
Banana,Rabi,1385.5890110720547,17.092716983726277,5.151917597388127,7.717836884055796
Banana,Kharif,1587.144292097549,37.407233348791934,7.915587999427182,7.539058157201727
Rice,Whole Year,1844.3820283967,35.904408978292636,5.126892811607854,3.0593923379762575
Mango,Summer,1517.9649774825718,30.033092113615893,2.403149744974928,4.942421209186384
Cotton,Whole Year,610.4909771758654,27.115906649512795,7.404263936945943,2.095740291865264
Grapes,Whole Year,534.2564917332852,34.25431061125245,5.620326964412753,8.666072660144634
Maize,Rabi,1733.0227214046886,17.040369293608915,5.404909164778809,3.0410645168350383
Rice,Summer,775.1071208437972,18.659702916727337,7.886484457937149,3.4219629057588703
Rice,Whole Year,1440.5665091879591,18.921131183099185,9.712419834552097,3.366421338950766
Mango,Rabi,767.1098095011487,23.442171553570073,1.7665286055207443,4.225762061785364
Grapes,Summer,2285.0443685182317,34.75148361970937,4.713647457024244,8.806986732025882
Cotton,Rabi,1732.015411135481,29.695077093672175,5.994581657839846,1.7604522832729885
Chickpea,Kharif,1682.189699696432,32.28874258069811,9.18856700684176,1.6951955094586109
Banana,Summer,2422.698177629577,19.325605738169145,7.051914403258984,8.643886925431124
Mango,Kharif,1320.3485154731275,22.54036860296773,5.692558908808812,4.787890535718599
Maize,Kharif,1837.0648748479048,15.135736977814942,0.5324990551602895,2.2432395316879647
Chickpea,Kharif,444.5366005028955,16.02409449491465,5.67409995435935,0.5
Mango,Whole Year,1499.151905017853,34.31195021445082,7.72552519446673,3.8647114207730455
Mango,Whole Year,640.4523209532833,34.69588053822672,9.530239210890123,3.704637750408334
Maize,Whole Year,1093.3363989656937,32.75550970158133,6.1256147604090305,2.3230983200445667
Cotton,Rabi,2118.421362005949,35.1622977942971,8.688845100303798,1.5098713676956834
Maize,Kharif,2330.75335425951,32.11799228866231,6.977371856803029,2.5627024130243052
Cotton,Whole Year,1156.6905909695586,24.92936062804049,6.220443002174815,2.462772497470139
Cotton,Kharif,1081.476046608609,31.07940184915394,6.530669614673778,2.1245084708728825
Cotton,Kharif,1802.191283619399,34.58922089393988,2.5127757014137058,2.176554990707057
Maize,Summer,1387.2423598021978,26.1436649539991,2.277496136492688,2.9790047588044595
Rice,Rabi,692.3311462789618,32.02819703901059,9.493388077240114,3.1643740958218376
Grapes,Whole Year,1255.109577516385,22.86895981463658,9.457609428385432,9.322586166228193
Cotton,Rabi,2054.946898284653,19.764010943564415,3.4850119192601894,2.20296139542683
Cotton,Summer,1705.7794246383357,29.7079250982584,7.687362545248982,1.9156399495421126
Chickpea,Summer,747.7443281483446,21.62039273454633,5.123039392156222,1.0417301984075833
Maize,Kharif,2179.2926391377596,24.396296124054306,4.719264154911128,2.9107314073612347
Chickpea,Rabi,1135.246156679648,19.614933853864258,6.619284116000439,1.3137342893692452
Banana,Whole Year,1154.7818499300315,32.1203977395095,2.341500068054712,8.278396367637226
Cotton,Summer,407.0084975555388,34.086924900734886,7.747881590636104,1.4639074465384698
Rice,Summer,983.7313945241593,23.836063153367455,8.358199079844479,3.069585605960084
Rice,Kharif,1462.911452554268,23.361871735933065,5.672057927625107,3.632911524267901
Cotton,Kharif,900.1574373786909,17.115788642601682,0.5954716776139728,1.552423157852843
Rice,Whole Year,2368.1429669270883,29.830173521334373,3.1834502817190797,3.9891642038093527
Grapes,Kharif,2170.4588508993593,36.56718637953304,1.4760643041002575,8.515480114520368
Grapes,Whole Year,1267.162958583135,33.86961343014066,7.186432089314118,8.979800899374476
Chickpea,Kharif,1669.2310832347491,24.485499089950043,4.071470106731509,1.6824914150246255
Banana,Whole Year,2374.4185891634397,18.294610852940377,2.4357475204043193,8.395146873771482
Banana,Whole Year,2239.2915904110464,18.290828090667542,3.602135146157324,8.53587635998256
Grapes,Whole Year,1992.765019173358,20.166568532774626,1.4789765726137385,9.799564967553195
Chickpea,Whole Year,514.1718645426868,29.40070557062053,5.885042637265934,1.5540789661242806
Grapes,Whole Year,2218.0588126022612,33.00009162554295,9.32138152410416,9.401608642262238
Rice,Rabi,1491.8719386392265,17.79398680346109,2.374992312172144,3.8462544101715976
Grapes,Kharif,1163.0838620573415,31.48236636318242,5.359817147091387,9.020705394945772
Rice,Summer,1147.9544284355434,29.27500802352072,5.8378400496255,3.7660134122360462
Chickpea,Whole Year,1964.908357701634,26.403439223985565,5.370237193929284,1.8010923084898014
Rice,Kharif,1096.3222992408532,35.44287036226357,0.8251163362118068,3.3748471995156097
Maize,Whole Year,1843.4703333409605,19.320504394154582,1.8634624196921472,2.938589153910958
Chickpea,Rabi,1592.043851548274,22.00905136713051,7.274248955240043,1.9075789348472698
Chickpea,Whole Year,1163.5206096022762,22.000203986206337,1.4204285990819452,1.0500641297336055
Grapes,Kharif,1144.8303092779524,36.75183102585062,8.447079029831313,8.315783481435881
Rice,Rabi,829.0166736958529,25.896075275295203,8.410901299157311,3.354725411217596
Chickpea,Summer,1587.795466844975,28.076181455744607,8.890966324964385,1.2858086400325557
Banana,Summer,1497.2082158700441,29.14731120660556,4.030502221406985,8.302706590715513
Grapes,Whole Year,629.1500067727814,19.146287268630388,1.5293091514399142,9.107014494664444
Grapes,Summer,2279.317358647475,25.315091062239457,7.314595808204821,9.88926272442344
Rice,Summer,2273.3943293518323,32.20058187623587,5.927111649188971,3.392167374536205
Grapes,Rabi,700.9999971547618,25.935672008366318,0.5023452644922566,8.426127655137734
Chickpea,Rabi,595.8342931856016,15.58972529367122,0.6096121666915278,1.1306399699840726
Maize,Rabi,925.042935348679,24.57518298736607,2.395470167399134,2.5666503024873384
Grapes,Rabi,2038.0442249806993,19.322929870923637,3.1394651272847707,8.933756961523661
Mango,Rabi,2398.137151018517,28.063730316553652,1.8257174397555198,5.109039900591135
Chickpea,Summer,2182.378148165279,34.93576769462882,8.28059929850562,1.2638545360364377
Grapes,Whole Year,406.86085253765754,19.34534603860823,9.374158981596702,8.988446792083801
Banana,Kharif,1515.6639237048375,24.11293508647691,2.164719654608109,8.277607053675645
Chickpea,Rabi,1176.0918340622493,37.319906226478736,1.0996874248105502,0.7757693570456504
Chickpea,Rabi,2074.696695442927,29.203784276304383,4.680979923425858,1.6253269179494452
Mango,Summer,2330.2154831687867,26.54306606232212,7.238851745869898,4.897364868698953
Rice,Summer,1572.5863828900851,37.02516274208301,9.24858895723883,2.607458554865085
Chickpea,Summer,1864.8721368846034,21.084538296799938,5.153913776382464,1.8825481226035905
Rice,Summer,911.7284225347638,15.477800933444655,6.316094887190284,3.3404908502019506
Chickpea,Kharif,2011.508398036056,20.43961350766507,6.943948025878069,1.6619719426690676
Chickpea,Rabi,1449.144698592049,31.558668374546986,7.339708112999115,1.4599012903904836
Cotton,Whole Year,1170.0188515194388,31.07518758542381,0.6951072493931921,1.9252361639153142
Chickpea,Summer,1117.3007857730472,17.71317251678286,4.380776509640474,1.2980526498034388
Cotton,Kharif,1010.6842544645168,15.739143862449293,9.362880255051003,1.3252532484580768
Chickpea,Kharif,2364.370208028105,35.52735988950893,8.559341912258649,0.9927550369755556
Mango,Summer,2401.915902156318,25.13010887157537,2.9510661048947258,5.279537847281217
Cotton,Summer,2316.7101715539648,19.783366463992035,1.4563813370827663,2.643321831431398
Rice,Rabi,808.4362363710204,28.093782212244555,4.467095994166886,3.682867538361635
Chickpea,Whole Year,2469.0975953620177,28.90973356600039,5.594946592305258,2.245122929020911
Chickpea,Kharif,2299.2311761141827,30.17066640938571,9.194827384482236,1.6787478612459559
Maize,Summer,1709.9697803862077,30.279367385357297,3.3846331955852773,2.774806780454429
Mango,Rabi,616.2501941202726,19.978153798279667,2.194089971467162,4.250364986419265
Mango,Whole Year,2112.0954336737445,31.520647020035423,0.8787167653396148,4.8828085247867214
Chickpea,Whole Year,1318.781193536393,21.58005464960948,2.4113310504739136,1.260314147541549
Grapes,Kharif,1561.917740963639,36.906892654223974,9.358490611916112,8.344953030776244
Mango,Rabi,2176.3953497723933,37.52071441541027,3.9634324793204363,4.43848224760095
Rice,Whole Year,1462.4791029482615,21.04503095284401,8.817596338069867,3.8274307590164915
Rice,Summer,633.659999276425,16.38001837034981,6.603315676041927,3.0535528322675347
Rice,Summer,1665.9063724093057,33.38430638893878,0.651577580032429,3.8484507894855002
Chickpea,Rabi,1388.4672278929763,23.609117752936136,3.9627091293725663,2.0719057658321227
Chickpea,Summer,433.8481651590347,34.43341072441844,8.56936959070476,0.8273010214237884
Grapes,Rabi,1972.0778637063993,17.92850606162409,6.341509867602475,9.453466734859404
Mango,Kharif,2411.8328684571607,28.03871981381745,9.94684301857998,4.544932899091624
Rice,Rabi,1046.3428740080258,30.660483678976448,9.455245469242724,3.7275436741166725
Chickpea,Whole Year,1513.9683885840773,36.94971009449273,8.839951678000059,1.3725323862072902
Maize,Rabi,772.4526098789008,15.213300786486348,5.42690918579477,1.848528548450291
Maize,Kharif,2355.617722244924,15.606137847849013,7.927314327716455,2.543420189068782
Maize,Summer,2197.7788623311994,19.94989763960784,1.7749760539857415,3.1901689280270924
Banana,Kharif,1701.675315848479,33.80718075403705,1.2595403112719403,8.199350711107636
Banana,Whole Year,1784.7620961704313,22.657133874888007,0.798051169076365,8.697923352689926
Rice,Summer,991.0431883038871,18.70907583450546,1.0853859416875111,3.2915660680108054
Maize,Summer,1736.1590051569167,16.049456306515225,4.752545292624903,2.456472129423802
Grapes,Whole Year,1001.1951918519339,36.26465754462396,1.991194131055103,8.739476944758742
Chickpea,Whole Year,801.0604019588801,37.65849838471556,8.098016525176515,0.5
Rice,Whole Year,1821.7694324868392,36.44615263349071,1.7960696299130574,3.208909068256283
Rice,Kharif,2092.4735014005937,17.387676910025423,6.671433569163469,3.7704071370698373
Maize,Summer,1439.860486477474,18.933669739005982,2.4339670561441373,2.965804016395898
Maize,Rabi,2427.4951903212723,32.976687830326554,5.936612123443104,3.3881180905966657
Mango,Summer,906.7144492690168,34.54920450816262,5.198052115356449,4.199087356906158
Chickpea,Rabi,701.0632451546119,37.17606037336388,1.0387747105805207,0.7962284559991518
Rice,Whole Year,1667.0725005287156,29.982398207876578,5.3621485256788,3.5909137069401247
Cotton,Whole Year,818.889099681325,22.560574654361943,3.51420619154739,2.3766230445107333
Cotton,Rabi,1736.0140461138005,19.250580618223413,8.276225954843206,2.327855777375553
Cotton,Whole Year,1232.2467602248198,26.186223211558392,0.9562952883609175,2.1364440248246828
Maize,Rabi,879.5138541477816,31.49974749602019,2.1855914099679246,3.0080464813280283
Maize,Whole Year,539.650661386944,27.349613223446212,2.0899839845544066,2.7903589782372733
Chickpea,Whole Year,693.6955974388873,26.280184976662206,3.4728924666742187,1.7518202288785707
Maize,Summer,2443.556891330083,26.99452402952229,9.790299695247366,2.901200714743227
Grapes,Whole Year,1860.4251165911444,24.88352891900218,4.554919024710928,9.016762530750752
Mango,Whole Year,636.7982414876567,30.77303562271673,7.418047655955724,3.6764531073222777
Mango,Summer,838.3850793421977,31.869591281575687,6.142856848337647,3.750402235195403
Cotton,Kharif,1318.4609244416954,23.00929116649037,3.056655600537733,2.548336658628272
Rice,Rabi,2465.1698019562896,29.592652473781563,7.8871026106339155,3.578306239220422
Banana,Rabi,1876.4959579946508,20.40944058685986,0.5272280047175046,8.772789907278986
Rice,Whole Year,453.39016416892525,34.95325411938633,8.614787068435335,2.453350994534019
Grapes,Kharif,1605.2430066260952,25.77427630149367,6.67665299350785,8.9723709042804
Rice,Summer,2042.6117134859178,26.673898723147076,3.04228683826527,4.07653385038073
Cotton,Kharif,530.045954771322,20.76112852717114,0.8554736118362661,1.9336721287153926
Cotton,Rabi,1834.050462619818,29.089995538823104,3.778889408791403,2.7746665968039688
Chickpea,Summer,772.562996188195,24.898300470549493,2.894134273730049,0.977942139554604
Rice,Kharif,1110.5222792704892,23.410950744537796,2.774787881401755,3.8601088183230865
Grapes,Whole Year,1136.247199831177,33.53564249775327,9.009912192329022,8.958397911104715
Maize,Kharif,1003.1252411575813,27.164540196756086,5.154586921904171,3.0323949854636765
Banana,Summer,1287.3128089424454,15.514819929230196,9.528409366267075,7.448702904871452
Chickpea,Whole Year,817.2759799335441,15.368955447957811,4.637606608593348,1.0838141216954833
Cotton,Summer,955.9766541975622,15.051389083076948,6.496176309168327,1.3767426166249637
Cotton,Rabi,2022.1716045671044,16.00911754334243,2.235439096558952,1.8625118516806745
Grapes,Whole Year,531.0405430686868,33.59627238150189,8.00081172649594,8.883102166880617
Grapes,Rabi,1451.2261366163486,22.427855848618456,7.681649230615352,9.355218014120164
Banana,Whole Year,1762.7145223170603,25.4879421556237,4.398674702952991,8.196464027045772
Banana,Kharif,921.5078780893978,16.061824051759658,9.485048640032925,7.965958792797661
Cotton,Kharif,1338.217312706473,21.846717004683626,0.8383432228855754,1.727870276875477
Maize,Whole Year,1144.5178800718027,17.330768912348802,5.174438132916928,2.1626659282003575
Banana,Rabi,1005.3102839788119,25.815712360042113,4.521008104099028,7.667254412634557
Banana,Rabi,832.0410330301195,33.16873559779836,8.388698005713781,7.265851433868352
Mango,Whole Year,485.34605920855614,22.51153497080723,0.8637301094392622,4.332274375624116
Mango,Kharif,2404.393967515462,17.097088270921454,7.53433303411496,5.159485950138662
Rice,Summer,2225.5911133598574,15.181660947585563,4.5033737459571,3.323216584450621
Cotton,Rabi,640.8886137679094,15.000821370776801,6.2360112917351795,0.9453953294046588
Chickpea,Kharif,2231.4038994511984,35.990136485974766,6.197323900122932,1.4415480663759301
Banana,Kharif,2234.393858781048,34.21402707480608,4.635772740915207,8.499629102779872
Mango,Kharif,2361.6317476727563,34.964342066699956,2.967033065047366,4.777605833902188
Rice,Summer,1744.3727268788643,23.344848147873908,3.6684148117279554,3.59831065220584
Mango,Rabi,2272.9588729473985,36.105387263505584,3.1549714879704682,3.864506895239737
Grapes,Rabi,744.9002429931963,31.4468728831141,5.001768980870405,8.48370620949415
Mango,Summer,2000.9375703463838,18.952373709763116,9.680797273953512,4.621391668143883
Mango,Summer,2313.2459954355722,22.55974357270216,8.09055656040171,5.4312089221202635
Cotton,Whole Year,1803.2940265311593,27.000565127540717,2.784972745849973,2.317739096476131
Mango,Kharif,577.6287537899602,21.5745698790675,9.331095566467047,4.544716829541943
Chickpea,Whole Year,732.006219431292,20.040145789339242,6.062198535558469,1.2617703413381436
Maize,Whole Year,1863.5502678869339,20.553002866920984,3.28722297125147,2.9180064306603373
Mango,Kharif,2010.1173941463621,33.14094361096687,2.5664955940878635,4.466601882544096
Rice,Rabi,593.9912393126257,30.992194277904574,0.9756181864344742,2.702250542925812
Banana,Rabi,1405.2557877378847,15.970045142151568,7.706013554411557,8.239392519646149
Rice,Whole Year,1304.7430618022188,32.58039950343376,1.7668894780349926,3.258957777262016
Maize,Summer,2407.8216764003637,17.850043678326458,8.743508131072755,3.090340245559772
Mango,Kharif,624.8609721500746,21.496649883880295,8.998745491474592,3.848208884824588
Banana,Kharif,1621.3247533996298,23.466719297397276,9.036500218330684,7.943480849798645
Cotton,Rabi,2333.719796929752,26.04403819813644,6.1690335587468255,2.775567466610237
Cotton,Whole Year,424.33618397185717,30.037796430872262,6.866851805271075,1.5233642329990502
Maize,Rabi,1259.8751906630137,18.8324623254812,1.1343995496798187,3.1100974719765153
Chickpea,Kharif,1206.7010207131793,18.41217555361212,3.5557218475075274,1.4148545395013326
Grapes,Rabi,1423.9189260727635,22.34177361091558,9.756366706197747,9.14084331176512
Chickpea,Whole Year,712.961612013138,18.25758288611103,4.640990802242441,1.5021512589007713
Maize,Rabi,1133.4801441287805,24.63932479230598,5.0172444700249255,3.0547221247090204
Banana,Rabi,2433.9860167986626,16.76687496587508,5.080388826275995,7.905448949628029
Cotton,Whole Year,1805.2161797609667,23.025573124849682,4.950642631229777,2.376114179311513
Banana,Rabi,841.4599858596706,31.490521057147348,4.17555901440864,7.835879072402518
Maize,Summer,450.6936791654913,24.278477241716843,8.08585615696607,2.4966401331878516
Cotton,Kharif,1699.0310729519513,18.908050564332495,9.361605354068685,2.006551061355114
Chickpea,Rabi,781.931906281593,23.85540014587344,3.533499909154784,1.3091095885146036
Rice,Kharif,2389.0042076931086,16.725970030320614,3.628625255340748,3.7622134086733205
Maize,Kharif,590.1386566050177,28.753295794412775,8.830863980951209,2.434959863512191
Banana,Kharif,1432.8232076471597,37.78766522953748,2.6329633442051286,7.848562246468694
Chickpea,Whole Year,997.2882695950424,31.166227640686106,5.312638296364496,1.190940655808618
Mango,Kharif,1034.5233513079913,25.554829691807434,1.446952577759061,4.984981455768036
Banana,Summer,491.8915845042677,15.32685622436968,1.9507500323861922,7.648376250776919
Chickpea,Whole Year,2362.0929539061995,34.19209778296364,4.022515743057221,1.3729092731924637
Banana,Rabi,2449.8619268689818,30.268989069344414,1.8931397582386116,8.302440831157362
Banana,Whole Year,1577.4085966791606,34.26047660417305,4.0703122300130445,7.863111894434638
Banana,Rabi,1192.6676447650134,15.605978295287624,9.666675329467155,7.526184941491923
Chickpea,Kharif,680.7286964993671,24.684282698558654,3.6465283524951273,0.8741707678892064
Grapes,Kharif,1010.387260386538,18.638733492144013,4.2931639932943675,8.375843655906621
Chickpea,Kharif,1129.9150084229857,24.156054125806932,1.7165497232226794,1.9433851588774227
Banana,Whole Year,1650.0707263273466,25.95646756183327,4.17540457080937,7.917491976810826
Chickpea,Kharif,1675.3208652466258,24.874198441159557,5.887849329804609,1.6864552497646703
Grapes,Whole Year,694.6368672099878,26.06143882063142,2.022403089431172,9.31614198512321
Banana,Summer,1230.6291660204283,22.512040705240423,8.442696561850974,7.617879320584226
Maize,Summer,1954.0117080805298,24.929941501657375,3.3486477909076644,2.7504015955174514
Mango,Whole Year,974.8220947148224,32.14326378088239,8.046265286448229,3.9133778840943565
Mango,Summer,858.3422779716471,20.77184537025375,3.775210928072854,4.080792023717288
Chickpea,Kharif,1732.8210291780324,16.76394388667434,2.7803490346389705,1.0889550754539195
Cotton,Summer,773.8260578596639,34.92118408837024,8.626036974994248,1.666470034624692
Grapes,Rabi,1582.054307355322,27.202915430635514,0.9464546002631619,9.283762639415981
Chickpea,Summer,1350.4943402885638,31.90074509432885,9.903034625085391,1.1909191656582
Banana,Whole Year,1193.0207861941676,37.744029869586996,5.950906785476566,6.9835951687178905
Grapes,Whole Year,821.6551591973123,26.91918783558789,0.8391042460135466,8.871702923074544
Maize,Summer,527.8167377131974,20.234483723421647,6.063935214549039,2.5403038446661115
Grapes,Summer,881.6535577132088,31.12792048560369,6.679110114380929,9.063377187651467
Mango,Kharif,2129.8668699959508,30.735803567582515,4.621138598890087,4.796055306265657
Banana,Whole Year,726.9724812517575,30.9606852426409,7.656529831060363,7.903729021591296
Chickpea,Kharif,2435.886769127125,26.475321436869798,7.012503649277578,1.9508913556610548
Cotton,Kharif,417.9296007229601,22.41483909505935,1.9297017414801043,2.047282061012441
Mango,Summer,671.7861359217336,22.453762080845223,9.57434866962496,4.154502206414149
Grapes,Whole Year,488.7988524853106,21.511063605053188,0.7303214422244558,8.82607952287781
Mango,Kharif,1956.1893765646244,20.630786061988335,8.301732833144097,4.3209928723452995
