nitrogen,phosphorus,potassium,temperature,humidity,ph,rainfall,crop
92.97124658902854,53.52293845185315,17.54089127183024,34.61651775631334,76.71249683497373,6.475053954871987,85.42096474180521,Cotton
21.842719173762273,69.76158537811011,76.28198063648746,18.664100941186902,27.14330141343815,7.4599174452368135,82.95582061067437,Chickpea
78.43637545638316,56.58421304495503,40.68049404880105,29.01409845211898,83.99928327877845,6.543937714431806,238.1983850399812,Rice
116.90692157838214,71.08055228663397,125.92579207235526,26.047948764066085,77.51381779717615,6.116819350459826,239.00795933485628,Banana
62.17072283565764,54.85536967439726,40.58084205317811,25.749622942627916,83.41468452412485,5.887971938486763,208.2048905467156,Rice
31.602387707103993,143.97759327717938,185.24484939001007,24.68521729030845,81.12718613149464,5.852711669340231,69.01036778504766,Grapes
73.9204478410061,44.52463884672032,19.762662406723987,31.275524843737408,73.44918497391356,5.850491967571536,94.17549792886071,Maize
113.45198106425966,83.15842516569937,130.77464087843236,28.506570107873564,77.55938530333978,5.866354020094296,210.595362423245,Banana
70.86719313431392,47.67082590367502,24.137350982886247,25.18622832515536,78.31112894752711,6.79649358576287,63.55282957569557,Cotton
21.35727183533794,56.27894218457521,80.61816865165943,18.625237759442847,19.329025455586436,6.965872062449447,73.51063141921254,Chickpea
79.49986052503597,47.15252401555995,40.910392755613785,26.114952931946586,90.1800187571056,6.725033855449046,223.18522434522112,Rice
23.057395780118597,35.18304760091141,21.507065471581537,37.464213546375404,54.41923158177551,5.659882671282549,112.54941933151399,Mango
75.31196009772731,43.31636842264953,35.60058647828092,29.55605699217326,83.96997278682099,6.1608622491665015,223.75826796079647,Rice
70.6432300066348,58.88034332678218,41.65322278309207,27.892071678312035,80.62789016554227,5.8166025376580786,268.76798049427043,Rice
61.946587792757065,44.43488828225327,37.01738051539812,22.496997816461676,93.63134576810974,5.799978536643681,152.40576649645277,Rice
48.083423125051866,62.62680945102194,77.40149932873553,23.09487770291792,24.913630728203035,8.352904389182603,89.31305538096044,Chickpea
22.790799150742647,78.03186007430266,83.97287471931459,20.19759218492037,25.512703645480194,6.931229935185202,89.23664370504753,Chickpea
63.42138796285557,36.517173632367395,35.333436755641934,23.132794342196267,92.71538216919046,5.597542328193556,169.13036860004317,Rice
67.58948688642559,42.69380425054855,21.38949058640626,27.808635227978016,73.063141973652,6.52787250789315,86.74553463867043,Maize
36.927397637435654,58.77826686058848,81.9647095104656,15.967026210256465,25.022117608464292,8.020450393510032,72.41959958613788,Chickpea
82.29361192374276,58.715039104119036,36.18387290717179,23.17597589191217,93.19457182424398,6.590619299890287,264.81525188537773,Rice
99.13962730716557,46.575097529869495,42.19093975010852,24.241280297334015,85.68914702050691,5.844496100181848,219.09379178228943,Rice
76.64110866523586,49.76875757475846,43.02264784045096,26.783931362492055,82.71890840805953,6.069626168673832,203.78983722406448,Rice
21.118454176466386,139.27253759175346,188.69825517382333,25.622842100605048,82.0826085630896,6.36783109695122,78.0467977118183,Grapes
93.37507316873211,49.49687688069582,20.59536545762476,34.927302001280566,73.64113780542766,6.685877702297948,83.98605971280948,Cotton
27.180783443427377,120.23958598908203,183.4133678665624,25.5978072285002,84.8191454470747,6.00543801973067,72.42454771799605,Grapes
100.61502920837624,74.83876268841986,119.3073052073878,27.14619446551667,81.1480958277595,5.740564238806543,191.656759520854,Banana
33.83569096517579,141.79851517524685,203.29449887871223,24.962386027053128,83.00339710208279,6.14398654060979,70.65515483656903,Grapes
30.70936684223752,139.73969473476836,188.1920151127822,15.69236667590565,83.97805960029636,6.372851491916616,77.7725395755771,Grapes
69.30423617995183,50.40871686468665,43.96779426366509,23.0884862867293,91.06869925877055,6.635868615398694,242.96493427387213,Rice
94.33988526681509,76.00389657101321,120.09959992184609,28.28807342337425,80.5824804440987,5.79378405286076,197.07808727617868,Banana
93.32162821411069,79.4748830079038,128.70965677848622,28.03130261201902,80.15505732147254,5.827965847636526,211.30681210646782,Banana
20.54596175056929,29.69520376362058,22.536426708936112,27.845484855516982,56.75644233202735,5.130127436156175,114.63191040783283,Mango
64.87846224743083,54.20364177127975,37.48962360507234,27.712253330273345,86.6444141321438,6.606428518830263,155.02654373554125,Rice
28.43479642999865,142.15309716703547,184.16946823020587,16.722650491075278,83.632055560449,6.481569170523189,77.6652477114717,Grapes
86.14942878236613,56.45547897552968,42.59585850176845,20.935005054271095,85.68896033359724,6.329052159294543,158.41724086934485,Rice
78.55890689584575,38.21579764959397,20.35316685477246,20.551927146500983,58.507186895509314,6.5621667358226246,105.23555735735445,Maize
94.58374762008903,53.78850521674033,42.052661840455194,23.14499398394227,80.47442323768483,6.120804351793205,224.55816515950346,Rice
90.83061688562974,41.35903218381839,19.29540164597195,31.36142948601765,83.81520391026831,7.09724003707802,80.5564055339886,Cotton
63.648991534641944,37.134108933290484,39.3187651855174,27.44588969191879,85.58970289063855,5.695173180360765,158.99714669562698,Rice
66.88798912626926,45.074348960789415,41.18244488601798,26.8081286321328,86.02579847411616,6.093689116346548,281.8436447510429,Rice
96.53889321154023,53.609438542525496,19.148969058190055,28.964539654702477,75.6094223151853,6.456482400675811,62.85619030238646,Cotton
62.96801607066637,39.25263007877977,38.754578840799965,27.31985085271317,88.20569387918347,6.84718625967996,163.96570280710299,Rice
88.08954615594612,54.73793684870867,22.613639702337665,34.321283808792096,77.09847674782331,6.372950945998964,75.03087674661917,Cotton
20.564131394543182,34.011216067028364,38.951174701400305,33.199671354615134,53.44663336296028,4.97058416226314,129.52024841618572,Mango
35.5177191191051,138.31158341848166,193.6639810652439,25.34765603532381,80.7528318839661,6.432397532537848,65.35865383964007,Grapes
63.89796850169802,39.11354009952503,19.322006763361102,27.93540259679479,64.49560048562009,6.405564173032619,106.95771273609762,Maize
81.5144937633112,41.814283163583,23.139157048915315,30.90970199042175,81.76470964925795,6.5401013036389575,87.55643697065881,Cotton
109.11897261790784,86.42606620244005,143.41761605868084,26.082967089459427,81.06525897925911,5.971413454914856,198.16683990550547,Banana
49.48851687522918,75.13468905273044,84.89000078898621,20.655972265798383,28.415083468430424,7.569360879538963,75.99865969519968,Chickpea
99.81205541899392,38.22670454861082,17.843805448047053,31.60924611177397,80.49770224038164,6.772880400258473,79.6762019113427,Cotton
70.04117445986172,52.601969178292094,23.0767291058132,31.86370502653881,59.512560066297,6.534323447463888,107.88878413827732,Maize
74.846631598298,37.25487325207617,19.995825412726575,26.315016753928123,65.56573001872368,6.966545421765003,109.34412664215944,Maize
80.70051184630991,40.08835044357114,15.678360634131174,22.203975924057175,65.99987198768912,6.650548901477433,65.69183814743003,Maize
71.30941897291906,49.894103031303914,22.052278810250026,33.11408902564877,75.79118128736474,6.928271010123709,88.72616430983443,Cotton
86.9778418574781,50.85038947761906,16.699836490680973,25.789683506599946,83.06259397967283,6.853507626513606,68.42904271497096,Cotton
69.80925216449845,50.76657122777516,41.63736939135276,26.687171390509747,90.26111028719927,6.3087958186652315,236.94426601286946,Rice
25.00735804824008,21.826537732619705,39.23822204385674,36.19554475296799,53.62798663829896,6.8769656945158815,129.98289667509806,Mango
79.72804933742297,42.10017638896979,21.469998479834043,18.620153709389893,74.67216411903965,6.516207843796279,79.98088731125412,Maize
43.081217046084184,74.25237232404083,80.57022350039267,23.963176991878328,27.801122220993292,8.18423918849579,78.12868453625273,Chickpea
39.83062646861141,133.2358072991358,199.17105421125683,27.9948747085475,84.86989930866751,5.600134337304958,74.85296632064352,Grapes
118.56104732488114,71.21650814989012,129.3694573299509,27.008086272562803,81.86097496062233,5.990268854144225,240.97008291152292,Banana
67.45669549670076,47.516270571721975,39.57986262147781,29.263499730264336,80.32232687321519,5.871088209624627,229.412304578268,Rice
61.050476160531886,43.847857183631476,35.930642604598745,25.980437977942728,84.86645495858619,6.077856876093976,193.77710269444816,Rice
31.92810830046883,140.4966432189403,188.18520607320502,23.384858500824436,80.30741110781331,5.7176117734390015,67.08375106237027,Grapes
33.33775462911777,35.991523499076294,34.57087575001728,37.14521311866612,50.08026644838754,4.780789057382206,109.15924933557942,Mango
81.64209241676798,46.854133245313434,18.259723143209982,20.782519537651645,68.53705091750216,5.9885274383805305,98.94876394798341,Maize
34.155081876027296,126.82532847783123,196.5569256959524,19.181297268280293,81.05311946793643,6.45899267941351,69.9268586578825,Grapes
92.41042370289304,38.513896037516844,18.80207445715236,32.03671263382664,77.5039351983432,7.216702144113793,88.21700652983674,Cotton
34.69798536451157,73.60976799521693,75.18372225364892,21.843113552921494,20.330671998698,6.755815529007553,89.87983233740425,Chickpea
35.46150767763496,79.72806755740308,80.43030697654186,17.533137652026173,26.299363782282974,6.477758576834777,70.7092252810609,Chickpea
89.58247259754242,85.2907658815323,142.29863210317853,29.037874702137877,81.84640290378519,5.784676854673453,224.29268921311518,Banana
35.16987641336663,32.777017040868934,24.196913737189824,29.206110634788885,49.29851065687644,5.830689514412541,120.91148389611114,Mango
31.332127802898036,64.75751975968878,80.72538644803507,23.083265683677688,16.500850248060818,7.6877782383171525,70.07902387456552,Chickpea
96.50271396680878,35.69298887463012,21.19176548845896,27.457847792452455,74.42657744499574,6.5003867507034805,79.27410328213932,Cotton
31.722375044050906,38.3485716302316,21.49974361386898,37.96877568743521,47.9662550504315,6.114967238966959,122.37194661164031,Mango
22.746588039635103,36.72854184578246,35.862033398931004,35.40650670603999,53.896278795612716,5.338759319171717,94.8298195820729,Mango
67.70910253689787,51.49379625084815,19.81847829873741,29.29083891311273,69.9311870143409,6.008072880702829,65.75848537248797,Maize
31.8857516157441,122.17689728984418,191.67189756206906,15.59981701031578,82.60288856052533,6.1589842866775,69.68721200031939,Grapes
24.41790500874024,31.31100492240641,38.73375587108508,28.547077049634254,56.18014992152973,5.094989812873492,129.29518619761427,Mango
96.9171650043563,71.0891999398722,126.18441336122748,27.262053247028103,80.0145009552451,6.329559826275031,197.01638498144246,Banana
29.34912109112649,63.10957230196066,84.41407423970055,20.962237722050922,28.25013276777515,6.388949758511221,82.63307637374956,Chickpea
98.16317629841711,36.72316094431863,39.65094177916886,22.823068706209025,92.67269756391993,5.990951382589178,232.96370929861013,Rice
86.95874842452452,41.802571088655476,41.61938692808261,24.85661704890996,86.63066280046668,5.909750266547154,263.2414715502556,Rice
75.54643661626142,52.70985385499078,18.69401664931945,29.457752707944582,73.94943950024326,6.590598525462906,67.91847980989334,Cotton
38.191254308112335,28.601285963607697,38.180041905608306,35.47054997531083,54.843476295437284,5.9121107182858905,96.32191667482144,Mango
65.23602733713942,53.806661999091034,40.80383679761405,28.050717864492782,92.747145809372,6.5643812973507565,218.6298750206463,Rice
85.69437345506167,74.53148861340111,118.76032543402337,25.65109126199445,75.78604962116518,6.19081813665497,228.40297230461402,Banana
114.100840700338,89.27573781050354,129.57525896628954,25.09954370764372,83.59584002915811,5.583929541065579,210.15997402219412,Banana
25.72185708097745,133.39083702864792,188.5967294644366,20.341570484889864,81.91521736438527,5.985584792286331,74.13443227928653,Grapes
33.17820507612036,120.05492369483358,188.8784744646184,23.23759534610538,83.9995635782176,6.047690581694134,70.60835540690601,Grapes
37.27661053229613,122.97714411240335,185.74428261194282,25.180420384489363,84.74622589207422,5.6002786175493755,72.62515314674685,Grapes
37.87288479871357,67.94023397100823,84.9341200955454,18.018416539323987,19.505009425922605,6.554716758706101,85.67161276524618,Chickpea
35.900912494829534,136.82444130988853,183.4794780674085,18.936824352638983,81.26340842465545,5.654143234455857,71.34691932675355,Grapes
25.45583107519856,142.27236305608184,194.6419350453459,22.586116082773053,84.85813677326313,6.026015406599996,73.56181716701785,Grapes
89.21385330397298,86.2234525874592,136.60766976624848,27.407583246947432,79.78814642720081,5.710703951051763,166.12462598626257,Banana
96.2515526382081,70.6776336243803,140.9933376491281,29.115988901982334,84.40495420185415,5.971091283388003,191.29613185412973,Banana
70.25197035394645,50.32312415335639,16.920052336643863,31.9996726954424,58.098903458888095,5.943688152481933,99.40600868357001,Maize
36.36853719081339,135.3393320133866,196.0674790957458,15.341299808896585,84.64542145497468,6.329460789959663,69.01171587731166,Grapes
89.81805120456553,85.06412517331647,130.88950822242845,28.93607870594345,76.37994332624739,5.928822848300706,241.80200577475824,Banana
73.56766653996615,40.060249424469696,15.662473611656264,31.675864235332043,81.31825407182838,7.13003038399256,92.20343247847794,Cotton
37.85690246621086,39.732985117669614,22.86448304599277,36.486333376708274,47.705351536602656,4.702028667322934,103.30517787666105,Mango
73.2197397257582,38.558804574112955,22.144122722331048,30.497627880056335,65.64597609880067,6.163087215610695,62.38780112434221,Maize
22.662924623724244,144.82350388115964,183.57132667087234,21.896607595106854,80.04237370976504,6.150020213157807,71.60149131169777,Grapes
43.08077389604972,72.30553729522815,81.67579202129546,22.701196098581264,18.860048930566688,7.951828246451859,68.31862444663926,Chickpea
40.87646835821227,77.41151744625867,81.30617057448943,18.5926112150031,16.272937270091564,7.58197817277133,82.0597254908378,Chickpea
97.01740332539639,58.754951062247905,37.225542123792074,26.713390871006503,83.04250364278741,5.806843158596787,176.5617302735558,Rice
94.4662050904929,53.259216048819084,38.74257814075453,24.045552605814567,86.23730249035563,6.091974548665724,261.3290977177898,Rice
88.21605942157446,81.66295356882036,117.72824933355064,27.55187677016417,83.08692083177237,5.953432300179782,201.32478432016416,Banana
33.17696255956574,128.86656108122733,185.6372660061619,20.534351527056963,83.76313091827068,6.262841580649043,75.35777910101459,Grapes
82.43035971807969,51.98956334625208,24.28653165783244,26.874419442444,67.64387240744932,5.581191923150235,86.21916757568056,Maize
87.32957311607265,38.14065094714601,17.92122987718607,24.181250741090665,65.11793233430251,6.5988278411756385,64.96471194710423,Maize
39.977980437048295,78.7875969889594,81.70601272010045,21.6547636788902,28.84104280187301,7.583870476585149,74.75876348252038,Chickpea
29.446496933662154,144.27354098195792,184.05064385791167,17.693711680709896,83.4534877445271,5.586191897593859,72.24334647459126,Grapes
34.17668028742108,21.69438024008004,31.17844140182127,34.078425896974515,49.92714831380376,4.8194844102508645,118.11323488621682,Mango
88.14945011390489,48.034322603338765,43.2964715565365,28.348722662173934,83.9497410407623,6.316525093132557,176.0774724669675,Rice
90.21015761903735,47.058440899781516,23.736204584895397,26.881632939327552,81.42544626305815,7.031318907748654,79.55976666953845,Cotton
114.79412271833402,80.29828003244498,134.80685230819915,25.0156455481865,81.38073257785642,6.441937705968463,182.21835718797914,Banana
25.714692247078947,63.61312273775733,81.55409857811084,22.69681292063138,17.538828960171184,6.874290999327246,84.64752159792762,Chickpea
35.896924886037404,39.78807231523068,35.6383153369085,30.950233208213216,53.16776709051078,5.711698713601271,126.50708066393469,Mango
83.55791421273435,41.83103847345048,21.67860138980486,27.726942074937924,74.63846511653101,6.399643454988455,76.55727172345246,Maize
23.928638586883938,34.670892340888955,32.53237770147061,35.001679039220505,58.38157776951383,6.623968182265354,115.2650597784502,Mango
30.462422186671127,39.402229091829824,23.44414319245441,30.35152685132887,56.16690324409762,4.79649222683828,95.14857913756823,Mango
26.16337154457326,70.173171741799,76.88646523265865,18.917510158981536,24.692546619612997,7.959503998941044,83.81334095180142,Chickpea
70.99411673094136,48.44021545512049,36.682089774365735,24.57321387273449,91.13777377894681,6.648879332415536,232.4589276807077,Rice
43.210310375903774,62.14786471079051,76.66486601698863,17.94419725337135,28.78549229963273,7.724882396254123,87.11026939948789,Chickpea
45.22217460673447,63.47881044887356,78.7524077763044,20.34273176211162,17.48954231712762,7.5142227223062195,65.6213673044425,Chickpea
88.15264883688842,44.64246895753675,22.686716719063856,22.907249392916807,71.09242077788622,6.861788314896143,101.85952570166722,Maize
85.34902979327538,88.44515562088006,133.26360251229903,25.02139623841066,75.0957861298849,5.673536020615422,205.57906545346094,Banana
82.39058213557698,44.293129840620644,22.20309999350296,33.12824757794889,75.33186453448909,6.795465404085876,86.90263705417931,Cotton
68.46772106765394,41.97230884498957,20.74678258056894,25.111295323379714,63.1137196447779,6.571409629249101,65.349064739745,Maize
104.94357896138081,77.74470243347022,142.00733253256914,26.694989410824867,75.45819714353081,6.170443839505636,194.30962036245523,Banana
22.50791221333449,56.97553904937668,84.20924858772736,24.74313384354562,17.330656968398785,6.816875740713096,77.59311489037296,Chickpea
24.50143466895929,138.39313936467585,203.0789463716432,25.088503586704007,84.28389398334565,6.22739546292877,69.48652665887656,Grapes
36.197891883160075,58.73950047918253,80.02401610447232,17.20797174820285,15.757797212187413,7.828946433912353,71.78648113557105,Chickpea
95.97067060494139,43.05279549365815,36.483338256603645,21.26191588305056,89.36476241421812,6.378047032822182,256.82291946394605,Rice
99.40530186920773,54.80164184027852,37.3673618428687,24.940219374469223,85.41344786666573,6.358416110674789,220.1108758937512,Rice
99.06175665240087,40.82896303160106,21.9495776767211,29.910073128921024,78.63818922437441,6.212121304526974,73.16193558134515,Cotton
38.20883355392934,20.306951958305213,22.883108319338948,36.580262684841415,59.54935191061659,4.687070620609272,121.26101165092099,Mango
91.28496884706803,43.35387919686961,16.151733726637982,25.20856559024749,74.87152269168271,7.162247662327768,81.63438421564841,Cotton
72.17458337424021,47.31561547445514,35.97191998621822,28.872593085285025,82.03496073059505,6.180465635333339,250.57293282752568,Rice
37.45866634006941,76.72269407178001,83.47167326008707,15.931416580895478,29.582254379069347,7.5871013638403975,80.91866933365674,Chickpea
67.23394150577252,43.87055862346685,38.79615056694238,22.14274000482641,83.4133131885057,5.669268217996613,297.6919125552628,Rice
83.23082509505063,47.635694096519394,41.37215680032692,23.943512892337925,88.87843645004415,5.593424295279937,249.36658922309238,Rice
31.321938181380165,26.713209691063035,25.992631825610292,30.614809541293084,46.57271844755509,6.690263695813555,126.42172099417215,Mango
27.950105701026096,125.67315755846647,198.72842688297388,21.167697273480904,82.57912675242885,6.285974648241813,76.3643194886377,Grapes
113.90518120321417,78.63575905255779,127.47057717635101,27.478516054789658,80.78661267428394,6.231078546898845,249.90263677446137,Banana
99.69944902578698,56.676189760844466,36.2688816861381,28.66078794991157,83.7451586290721,6.567092273258753,274.2722704047949,Rice
32.19311696025077,37.16774820497386,22.037360790909858,33.18720151827979,52.60958590791498,4.917615745774025,94.72237404312774,Mango
87.18142871893656,39.71284038964842,17.988521090072023,28.94804365208575,82.80909732516547,5.859038439047131,79.99269773450439,Cotton
93.64726348508577,54.011327022036184,37.89958668111209,22.03120471362906,88.3171320750562,6.95126944092099,249.11011329777892,Rice
33.63047234470385,71.03281023787343,80.24318534835521,23.892599637699163,17.012999190136014,7.26053168378809,68.18511244493978,Chickpea
84.07636705723242,56.725132042659325,37.794675301839554,26.99264621372817,92.22577637976457,6.052644842698254,242.75275433754723,Rice
82.71618213820531,37.80741385314173,16.59222417914459,25.929001564398153,66.31625066092809,6.80829273128214,67.3099526524245,Maize
24.142386307467127,30.834053068617568,38.77846455989484,28.32884357539184,48.20669980040401,5.391440814796236,96.94486231058674,Mango
98.42881765858048,81.73653034299959,115.82052092596221,25.581341507204613,75.67554260661254,6.133661797558188,249.41980333654755,Banana
67.48622589405836,36.35589560128467,17.56657941542715,19.51248441700481,55.025623149893796,6.078905646930115,96.62922472493844,Maize
29.24256033693037,66.13940102500874,80.61033011135449,17.156951556194823,28.31707314896066,7.853819191317952,72.46829326533202,Chickpea
31.23366763139456,33.40026529464592,28.216172658443163,36.6096810945775,59.11694803278345,5.557342139409709,126.63374683888574,Mango
28.838368066368822,127.5367768501376,195.6546302944122,15.855273368386616,83.38782228737287,6.059258051605546,69.42375155351266,Grapes
23.96294276608507,138.96006365695413,200.23249557865503,16.02109289659459,84.61391995682355,6.2644282837636425,73.51683953387237,Grapes
97.73619883984902,82.82197611571732,115.09227411463749,26.00037659065039,78.05547537756874,6.075809345261991,161.08281996683957,Banana
69.70730206409002,51.21966047781291,35.14365204961963,26.326614547517746,93.56993525929794,6.731108834524048,164.59383605739242,Rice
23.41378775765779,31.82084978579843,36.356003555278534,28.169643202841105,52.45715244803325,6.497938055836196,98.82290096971694,Mango
46.34837882935161,60.27125440732488,80.0482024965746,23.020565533511633,28.258974181350432,8.3635211650773,79.05509641647947,Chickpea
77.74742613885306,51.73978052478476,17.791708783395876,28.22024856502969,69.72357718238212,5.869981265602612,76.36479736650315,Maize
80.6441390369548,51.784445046118186,23.45220902366281,26.761003675799902,78.88779263772119,7.17055738311096,84.4169297259853,Cotton
34.14268762390153,33.311065631649456,39.56045126078233,28.627386362120987,51.72643645180761,6.938664197225079,111.34571829484693,Mango
64.05031243893343,40.13876191794843,36.89984257588385,26.971967038073572,90.83057156863514,6.594961008505435,189.78971540249648,Rice
86.53655992761682,44.86163986947695,18.78712574774259,25.64433554749836,57.02857119274243,6.219233875595741,103.20253602342885,Maize
86.12508392497746,83.90384058441818,133.9093402048881,26.50558227378396,81.61664576090722,6.162482965888897,176.9977149537189,Banana
25.692174636588845,128.12725716702505,192.76111313840258,25.071676772645414,82.23465058541419,5.578407521404855,74.2049565858979,Grapes
72.36781018166404,47.049065976604545,23.223412795398865,30.45474397344637,74.81817142321891,5.936117148827492,83.13217275103479,Cotton
23.82252399325303,62.83430728205826,78.80195107884086,22.369178906208163,19.661983705522672,7.475149458937404,65.69573026458589,Chickpea
88.79442053878569,37.625542212537276,23.385177788928747,25.28571293019913,79.95323702955707,7.262626989602767,71.38204608297676,Cotton
75.95939985118846,38.99498772292717,17.62993915613732,30.231461075925807,73.02509784973284,6.995842475418639,70.33729203502145,Cotton
70.2786084282538,48.911942145760975,23.171090269132982,34.88154909464272,76.3347090066259,6.024697756857353,62.47899068901793,Cotton
69.92668108743328,50.02497654408363,42.21179638859578,22.84920810006333,94.11918867645518,5.540236609219299,277.06050313085916,Rice
29.41839067352005,73.10236712079461,82.57354264484792,19.499479057178675,27.11751102638331,6.85333594990372,87.54335780546326,Chickpea
82.6802365662927,84.18674271905057,121.14137779289614,29.90625811125821,77.38632705357922,5.61355767882644,197.84934650166338,Banana
25.376440497175437,124.70001564426013,181.71159881770745,16.77611242804482,80.55178175258982,5.955343012643825,71.7915084889681,Grapes
92.00428905381405,45.08432657027551,19.256976435417066,28.94320156270782,82.14574781783121,6.984310960741306,63.42997212585395,Cotton
27.226754500916932,79.253626219585,75.50350714526544,17.22706523168799,24.649759722348776,7.008192483654307,67.04999999973862,Chickpea
108.11391579396499,86.39030529672736,117.86092160535556,28.21127311514293,75.37371596178333,6.308341172160832,188.1546110499482,Banana
29.097802481200087,67.14813851341191,82.91203701070468,16.421398057326115,23.844363662051816,6.121627616450575,86.8275878515461,Chickpea
25.59441355247964,39.78181401241445,33.60797280237722,28.306921216959484,59.62624223120676,5.484759281821518,121.79588913523783,Mango
85.0674771468649,41.22057807189705,41.935247471703974,23.44349774063321,81.93396200642454,6.07532571446154,238.30060322521078,Rice
93.40928661052965,51.725548262541,36.49144492666766,20.900826735759246,87.67558020446988,6.585345425347718,165.19357178894361,Rice
89.61978278672103,35.23962756830255,17.127679397074573,27.200961937458537,79.86942553688789,6.27337796095689,81.83682879741713,Cotton
33.874600562694,61.00934869618577,82.46433516482313,22.655300818404232,27.661829937479133,7.02565065619821,85.8055784918847,Chickpea
65.50221931175102,47.46816204797751,37.020117875313055,23.757479429571728,89.63058345443457,5.857095952221108,258.79626340948994,Rice
116.90075446410947,73.01904200054871,132.23671780328672,29.888664880082292,84.80047074804973,6.299070765527797,237.58133316023526,Banana
79.19477111196885,45.46173728263663,19.12031324500246,31.133254546252527,67.2107597726097,5.556431817966759,69.00002334907605,Maize
88.11380600076424,37.06715306264505,43.45329794540328,26.449072419433023,84.9690592548836,6.965993834934685,296.0759618454,Rice
97.9529384957826,43.305430382790675,41.201921878746894,28.040764619573824,84.9431257441889,6.0021043356204355,272.3213205004505,Rice
21.646908960970016,21.919128621726454,39.43257539812866,35.50650370059701,52.9980873324719,6.067332689938542,98.431258997421,Mango
99.37841318830648,80.33002836513354,126.21730629079433,25.28102910203001,82.91490392081234,5.565616967611932,220.95693983643895,Banana
33.34207594988886,74.03366228002429,76.02231414113245,15.872972323551162,21.464692739640586,7.39246258055307,75.37322545231376,Chickpea
38.60622024919155,32.46496963199934,29.087887184234695,31.66537153029852,57.301071373750915,5.461786794575065,99.0296367364499,Mango
73.19288449025592,44.378421670527466,21.313851200254295,29.148615508119995,66.82839513662041,6.0279133339301145,63.709532808664385,Maize
91.9786432097626,70.57894498795136,124.73124000343907,25.280596140525034,78.58463342300364,5.9306867878554,174.41974321839683,Banana
28.84420210468503,123.64546187975694,181.12193877328434,25.636234961713587,80.99842606802878,5.873820790320569,76.36600673889593,Grapes
28.90916163877597,136.78894440785493,182.18442342725388,21.653237783368727,80.97225019672757,5.817757812166004,74.07616732771201,Grapes
111.47679449275492,80.41298182447497,128.54828777690986,29.13505050829675,75.42415916009098,6.495836371524048,201.87026525875117,Banana
100.29997508361141,72.47626037116838,137.69679829127247,29.706715163765466,79.48736885919877,6.072435280210217,150.5213398137295,Banana
92.51404070924238,57.992226052768416,39.68275905380122,24.555841707467412,90.26716962208062,6.565323853118272,219.80948463515847,Rice
27.472496839738728,34.03881453711308,38.25593776566208,35.33085575634759,57.02992487670046,6.564008772716143,120.47438479884428,Mango
29.782385435764883,55.58099600813863,82.85357810796864,24.221441905136015,17.30536859228201,8.38159386430415,69.90751584653353,Chickpea
104.91015121102214,73.75578885088022,115.5818619174099,25.24816036111549,80.34970753059767,5.685937598141526,160.22734886565397,Banana
94.54947630602345,86.38321565654464,118.68950408293198,26.00945165153997,84.69636666892094,6.269219299920151,150.65875742235485,Banana
65.67498616605074,50.829300316387844,35.30657098380906,27.461117620057067,83.22699320050266,6.129748740646755,201.1343972653999,Rice
25.995811294748275,36.31497666487648,27.367156197315392,34.41187031720318,59.69847046768743,5.959255354621966,121.87019255720588,Mango
24.059456810723994,34.33544094634591,29.179128747499135,29.218730018152865,59.86627669737026,5.614328951835074,122.98330497718956,Mango
98.55521623471166,45.32310587087383,21.821986389292356,34.437402563524465,76.63868034022872,7.10925816384638,85.11690075113356,Cotton
88.26964993827218,49.84326308349429,37.837315456287726,26.93503527398495,91.88361072233647,6.214018710244726,169.03386288079645,Rice
36.51646663559501,126.7354995252191,190.41931819263456,23.392212548559375,80.93967845446306,5.711390502105898,77.35954151382711,Grapes
95.61955375548156,38.62353179904915,44.27887116442871,24.549908725772855,85.80995455832985,5.704606921871083,257.9731824183705,Rice
36.419316063359446,58.26485625768864,83.52422576288416,22.883036534766823,28.41231987057834,7.905635056056255,61.37828776975901,Chickpea
27.482147105713075,133.76379934786985,183.35825788818724,16.092365941670717,82.22252657707112,5.851574951635134,73.75943337095636,Grapes
35.05257012950419,30.87424670496685,37.44886268916881,36.09504196267533,55.27450726924954,5.252680772383864,117.41774877845273,Mango
26.697116419419274,69.72375389457758,76.7535162999022,18.06823229297958,25.327476593984358,6.318370911808839,81.86492867807996,Chickpea
76.69999651448674,52.207214054373274,18.03044571613522,27.884828852847363,64.82959217290299,5.701732363318573,95.78615948151071,Maize
40.45579997229997,63.57693627466357,78.15223804241771,17.395970295443462,20.41815940272938,6.996178377018044,78.32427175132369,Chickpea
83.60934299928948,39.10411150285753,23.298178372171325,25.758909038455805,66.72766167163124,6.719579471681588,71.64993395230157,Maize
82.18766424512543,38.56004932719771,39.404081195175905,26.313345773941755,93.69063147517286,6.039863855137357,296.29639129678037,Rice
64.47592753420966,46.25679194169128,18.038355118422277,31.914853717943082,57.369031244229234,6.646665167989291,90.31588256214815,Maize
25.517565579994447,21.24019393709188,25.153587293427776,31.258876486081057,59.99927701222062,6.975903966081624,127.7654679283319,Mango
33.613955286393946,133.24596261574993,190.327681350347,26.32103890258906,80.75389225547632,6.492347852887933,70.14004827393501,Grapes
37.648441738645964,138.77840673721553,189.35665229309123,21.74560076024737,80.89499258703825,6.212486873372486,72.8821350665215,Grapes
21.716288791950305,138.48954075100607,186.07620774748565,23.07303175365542,80.73838538932623,6.332444755883023,69.31527633373439,Grapes
81.63849592777832,48.10801140924883,24.974690995782957,21.631967817967844,63.371313721626834,6.082412381508187,61.765950241321214,Maize
41.12421429898494,64.41771567963298,84.81142795161979,18.33144546692835,27.418270414706278,6.526532714219204,81.97974307859678,Chickpea
38.14146102537872,121.97779818661502,188.5906371899355,19.075266824062297,83.2650654871522,6.210433485116604,74.08077459536243,Grapes
27.077066887483802,22.594262751086053,31.252686753332156,32.71676380202943,54.47786411245254,5.73126113429629,97.19628926624765,Mango
95.35911775427796,38.98433998217784,18.846932489673456,29.83208061059216,73.55808552891362,6.772268576996256,80.11841755625258,Cotton
22.862354402570194,29.222998267099953,25.079546788270846,29.808593789750695,45.14096147182307,6.511582692437866,126.04837694395532,Mango
88.33925263417005,46.74009429130436,18.479246374367545,33.45517802669559,79.26044019004638,7.183355032243588,84.70959263310931,Cotton
27.228285764299734,137.6639738821286,180.70640196976652,23.65378328702849,80.73942140718292,6.105435635562769,79.16397832494972,Grapes
39.80647081759713,39.14473787825287,30.478888308081586,36.2297534295445,46.11495617164538,6.544989777136884,91.94057576785649,Mango
74.0694946305118,52.025906819743845,23.793325913598558,25.289481593201856,72.89145170247338,7.215980886230137,89.29418371630433,Cotton
32.36836704994546,139.39233849245542,189.50945065366375,26.81055690910945,81.48676566258693,6.088525138721103,71.43244754210639,Grapes
34.909131225097674,26.917189963712755,21.95371574716095,29.55358404834137,46.14027369848558,6.012921858001605,114.55460934485745,Mango
60.52344439334006,58.025880234080944,41.55749361898046,29.28403719438369,92.48116546272749,6.2020887151474495,245.83750746477415,Rice
45.24613862827126,68.07730142543684,77.95481633905587,15.477282743975097,16.14798779606469,6.112737259146097,63.22896514325997,Chickpea
117.94792639399611,77.83202854555203,144.82849391642893,29.825919701437755,75.32382742927088,6.102388667450971,242.10382164180794,Banana
80.17109885224482,38.73634435179878,21.920684911126152,28.67346926959682,81.95936320564998,6.25342518286371,62.891402732192326,Cotton
99.34013662909723,77.17591077691611,121.56457351777085,27.43821074186824,75.6286116141347,5.8694351854474744,154.28084408386468,Banana
28.97810513990126,38.483085167713185,31.289835668055986,33.98828150966653,54.36782669162842,6.6606171870785404,115.08869627599087,Mango
73.18763020470915,48.94908031046006,38.86564204723738,22.519957849661534,92.77349389976607,6.946615042980865,240.40512204909288,Rice
89.9287515784502,77.11485511008567,130.40379026136188,28.38591688494536,77.60166792721223,6.490676620407907,153.10820933587596,Banana
83.37316528098255,82.92254182287438,116.17426378602022,28.538108521616394,84.90986022646888,6.024068553170174,210.98054063226743,Banana
63.197577684069955,35.18377043877437,23.52362025235614,22.42296715099969,71.32295920593886,5.945235328792221,70.94521190964902,Maize
75.7667921106691,49.75846244565182,44.51219850078746,28.36977208581107,82.30663203025696,5.621594855117423,274.60488383588194,Rice
76.58217644392407,35.07394144516692,17.23025088706766,27.302740102003273,79.35880026368109,6.206332367787276,85.7105162135675,Cotton
35.61849785751771,141.75295230803337,200.74958704887862,26.8493229019586,83.52314534446394,6.147632385550001,76.32661557812824,Grapes
84.25382163958089,37.52371997277079,19.233748993155995,31.83591910871682,63.707864910650144,6.995903840168164,91.3613106116199,Maize
28.031143472297906,26.75025741123138,23.16352911798663,37.9827692925861,51.645182549974315,5.380810188175831,102.6061998456959,Mango
83.49915806642416,46.16893634648682,18.747001673202977,30.77508448613809,71.9251846118538,7.403701802002405,60.338840391434786,Cotton
66.99118277976785,48.19139786428149,15.699794326325035,18.804344528623904,65.37063360378848,5.757738575265989,102.98536736883686,Maize
67.19595533024078,46.03984491155518,16.565326154431382,23.719246017240373,68.78742271569539,6.204868718511529,61.631992769046214,Maize
69.08257833614202,47.46465237384045,22.60171443794051,27.25512846203548,65.3989782583076,6.238281270035335,83.3010914928957,Maize
25.38151564937598,38.94236218126956,33.66214617047537,37.00920204886677,52.484990105455246,4.999166347735773,119.41716260971323,Mango
60.8456263658445,53.616518094999066,23.391762876116054,27.099449580118545,70.82761274964352,5.706399381588808,74.34396986566341,Maize
36.69052938369505,137.02639211773027,181.65287709053038,24.08278646087139,83.6497918871577,6.346468115140777,65.86858916034696,Grapes
119.81889639311714,76.85465678515119,142.04151328433574,26.796254431833162,76.88426033890869,6.4480843537069426,241.82054088414333,Banana
108.13198700218699,85.24930482995377,131.14394361104416,28.93652617472113,81.49097276115913,5.577523116310308,153.09475205285264,Banana
21.67940203706965,29.36438343485527,21.583662615300373,35.81699161420558,49.50589882008059,6.96046558260526,117.37255749192941,Mango
46.70332696475187,69.0583143023497,81.54595983560938,19.56207923221254,20.112813006715008,8.063277476546824,84.49766059732097,Chickpea
80.33904666652963,71.35903909980675,127.33746299841226,27.62632131963623,81.85499552234576,5.8515164197937874,222.52506560332853,Banana
29.089199652071684,134.0037711276517,195.4939492419271,21.150737854216658,83.2858360321557,6.215913500283155,66.71035037533608,Grapes
36.307595783217764,36.958929767653416,26.877698344999885,32.161177507684286,45.1247566589456,6.805220989360132,127.87830047472497,Mango
99.91787212069126,51.21026436715264,24.675612363630623,34.865746596424856,80.01759685733452,7.006218827593299,79.24990016204117,Cotton
37.63327590133519,37.56775672896834,21.307550388350087,28.58875470392372,58.86233200849533,6.487245291278532,97.66725168602309,Mango
111.35559047362273,79.19163525347133,118.72711537691195,29.28825799964307,79.41285948876427,5.500675931512104,245.80317693039723,Banana
90.86092287955879,58.583697656117224,43.223374581035756,29.19112082970613,87.66907232511674,6.356002307600406,235.74177453821312,Rice
96.10034076651223,75.44492386288526,131.19944687794043,27.18879431785799,80.98036662041103,6.389422889292454,223.45339232856153,Banana
63.21049286083479,36.92627780502817,16.488974857402503,20.687048797882586,65.52911970800432,6.722821586069924,73.36623683383179,Maize
29.258168686237646,31.101754024275227,36.440461046280895,28.937914024206943,59.338251695684384,4.674019087073564,94.34978535339495,Mango
69.64580288641285,44.51258055886139,16.508610766956384,18.86623180141541,57.070037545407835,6.84869025093366,77.17188879191337,Maize
96.78015429488953,41.3108583892687,24.945650658851473,32.636754136536325,72.26897119235338,7.250157224154843,83.00968171866853,Cotton
114.9551637541139,76.20717417829233,124.82013854607084,28.84740698605027,75.98251564965685,6.482273473873912,201.61466201895274,Banana
26.83489694793102,29.270497512286905,24.48460424655834,34.54860189445309,47.32604551285516,5.738305634395754,115.18238325334352,Mango
86.39059824165894,54.795514557533664,16.024164388774985,33.30070716542539,81.27018242115508,6.306105189674919,94.97594342476177,Cotton
96.20311881520612,55.733904430435445,38.31549891252277,20.42696319090431,86.91492383002911,5.7519838130935845,236.08262997100843,Rice
64.16520176878251,41.02262530750137,19.931239422107847,18.88574010387736,63.6935253852549,6.131653509658786,84.21156569669643,Maize
77.62809140261446,39.00048854720322,21.706006478632514,18.409627625874506,57.91113955465876,6.619297019487377,73.86878302275821,Maize
106.02161520484898,70.74726855385191,141.2963241279843,26.278945869626465,80.3473343419384,5.548586961581737,249.46802336570647,Banana
86.94010712928565,47.2376135402263,24.917986741707153,28.974541481954745,73.05540491788403,6.738578412178459,79.5146936318753,Cotton
89.7565178620797,73.48906465648268,119.80407133646078,27.799244762449316,84.58462621733949,5.73185554741141,190.5047436280253,Banana
112.50842162622664,85.01101822014053,121.87030066108737,28.664365646662944,78.42728415446348,5.705817435229657,155.40739812451008,Banana
20.529463948726647,77.80258137454035,79.48911565410877,20.110261413499114,26.127208832549915,7.258550110970969,81.13887391724755,Chickpea
32.006814989905145,21.80444698877493,28.450726987569684,31.050596354548226,47.79533748709849,6.076715641208311,93.71789844049158,Mango
78.87492762392098,35.84371831189462,24.374209236322336,25.292967540845133,60.06625480670178,6.457780018063036,69.93618159011999,Maize
22.790282904862753,71.84244791954535,83.21074689492531,15.760288205336892,28.97094359753494,7.191388635223224,70.60613778648514,Chickpea
34.014526924068264,28.37651503542851,37.97243850006375,32.627432651120635,54.265469325825705,5.206766920425231,121.39040264673939,Mango
26.308338119438346,37.96242400785704,37.619744970947465,33.319713179442715,49.12099549444079,4.957179657824238,120.5704930174371,Mango
22.010302421038837,25.88289307417741,30.693076661444678,31.299344523645843,46.16377949767472,6.408972617447574,117.09532567061551,Mango
30.208239866875708,27.93570315299415,30.043345393328618,34.28946338316566,57.719727601558,6.516350142319746,114.56143906240513,Mango
112.15622721125735,73.95638427512928,118.44328907383137,26.12404725133012,76.48989401075329,5.76563247164064,164.22362854436773,Banana
82.36650344965963,85.37449987075638,134.56896191257238,26.161100996105084,82.38686522268635,6.350333101575593,153.7298246571643,Banana
95.46092904542941,89.59585702131707,130.25620996429294,28.54844399167611,84.03872060145855,5.984662151834166,209.7106408562963,Banana
84.91090724112843,47.016774288224,22.946160702604512,29.486344521826965,58.63768303740199,6.489473125086779,73.2260349272645,Maize
78.13744304054048,43.89796775295943,23.628064836470024,28.631648402504286,78.80379660289016,7.441394255798241,74.48961713057857,Cotton
23.047899241082668,31.33723785944185,36.15399529283243,37.54524814122454,47.5295926635897,5.283036951835735,121.42640448258092,Mango
73.3145016226365,40.87103599141024,44.082265373639885,29.967394367335324,94.08982910261953,6.950814766461944,239.73480989362963,Rice
92.17766908049552,41.57379703734323,17.781264433081347,31.436020716054056,81.40740823443318,6.685483861312461,94.21486265600673,Cotton
60.992131335239556,36.01118563384281,18.60375081782296,20.7875368135846,62.36703855149541,6.196327695680332,79.84711387582489,Maize
24.654432789770823,25.80976128269101,23.871108740803734,28.30027847933661,51.973284515603716,6.491831383070457,119.49873502494984,Mango
33.14045209322774,34.27163078636205,28.754473051466903,32.178665057008665,49.187128302629574,4.903416327584331,123.5398340279061,Mango
37.65405841074389,24.757567080389535,31.777246543686182,32.23283188783469,51.15227048567034,4.69851229342104,114.00408417182356,Mango
75.3694897975052,46.92242725063501,20.927562238981626,33.36174403802491,80.49048249935764,6.847736074064384,70.93542279028611,Cotton
92.58520609031592,46.50509707700154,15.90082952544731,29.319356701506898,81.79552447732416,6.0516210811191895,71.76588623143046,Cotton
33.87410226106398,75.35416558644792,84.27789976765101,15.56022285186542,22.81609836585936,7.412356602493006,80.3459287394962,Chickpea
21.461447020587965,62.29160244196883,81.3894652527807,15.768266805549448,17.907222520534965,7.570074878320982,82.94068137433572,Chickpea
80.63300210333328,41.31803429258541,18.62269789774591,20.16690012786539,68.03151869555863,5.880449089347976,102.74884631339643,Maize
92.9302186206962,46.791716502208594,41.002454417599544,20.88140689314011,83.94637996946688,6.056252689063993,241.3543291811891,Rice
65.59160775850987,48.14615822317219,18.955823781281133,28.32343717364592,72.66194748838609,6.17436251706112,81.47764205516717,Maize
69.40242215272016,36.16027176450394,19.520532285684933,20.931353156691088,70.47084542641129,6.364418373605055,67.921755868784,Maize
31.872999410774227,35.126058874948725,36.01968461928236,37.37547564806484,50.3414596031412,6.166692525207353,128.0055527104269,Mango
74.44499649158112,58.60555739078485,42.208994524555926,24.958024367228624,89.25003188053685,6.186792449358542,170.32342885210142,Rice
83.55741591102047,36.13780101667905,23.316966316631216,25.76731001173455,82.96375050887859,7.253998731475353,81.52529359454508,Cotton
68.3701918776527,40.96998322380588,24.414855463274613,31.751644150663942,70.42348538175287,6.557351405254876,94.51199557818035,Maize
65.90848075944459,52.6174085433081,36.416526643512135,21.10920591998703,87.8944231786582,6.047334778613136,160.87974090902966,Rice
33.657526218275834,20.8203523006088,38.35424282123049,34.011665663809396,59.342754838344376,5.579464696543022,126.72168065669118,Mango
95.9021886249937,74.24435328145861,126.50486365894672,27.116454755369727,80.9719594013859,5.57305561822116,205.69999743905092,Banana
110.26790092805555,86.11050753173171,128.16156694289793,25.964826495250794,81.89249980284042,5.858167497250431,163.47321737609522,Banana
49.65082897465301,71.01486864036639,83.6149160025183,17.611469079264968,25.666406633576877,8.230934494202332,68.9637333575696,Chickpea
64.1571361608661,50.452554292096636,35.84311266651993,29.315895802190255,85.84769312024534,5.84403393321555,260.63898423780716,Rice
33.79305658212545,39.04990427578282,36.92139499367708,34.838018402920966,55.5339733238861,6.506450707353032,106.6938502968822,Mango
82.89364125415887,44.965310841198175,20.147248392314843,24.98263591756716,61.17080964108859,5.534764447324527,107.26164020346187,Maize
73.72530772994749,48.31826923678614,17.87689033278501,26.793723068526873,83.60189795730746,6.896135937542285,60.995490470360316,Cotton
110.32974174236071,74.51165455023296,128.53862257459224,28.995972828781696,75.33412786535237,5.52007799833057,176.1127709982262,Banana
78.63606784055119,47.99318953154839,39.9581602038647,23.612504579479314,84.32406889913217,6.583204858458883,162.3371917696097,Rice
25.451811899984985,126.75815292952355,200.05790902269572,18.319470945793856,82.92088416930861,5.961108593442671,75.12936678704891,Grapes
114.73844789051776,79.81757389047557,141.18159204995604,27.87032109813166,79.6939694493051,5.94046879813601,168.43636703900816,Banana
71.7819779586486,51.55050565024669,41.002155280137686,21.99674800760946,80.38603539097528,5.756248287538335,193.77171990691613,Rice
21.17020787986176,26.39362222865879,37.56634528834865,28.490471332753003,47.44963277722392,5.181675884149287,106.78056020624851,Mango
22.63544264536459,33.049452921536044,31.620614013277564,34.52453499884274,48.03465349926662,4.845274103973031,117.54128357921135,Mango
67.02773831340353,44.87617343176849,18.62999178743333,21.93058901205458,73.09015180230851,6.560452009804848,70.45431606737353,Maize
74.42767505928043,38.962170554378794,18.95318803580466,25.99862956065975,66.22335219621611,6.995618150409323,86.21238911384562,Maize
32.59724424724309,131.2463704765948,188.36641346286407,19.69250627371658,82.80175017407132,6.4318445757777685,68.86572238178628,Grapes
93.27534059615925,77.21595649325465,121.55335857353545,28.763278447772585,80.30498895606824,6.496631082604338,232.36884009252023,Banana
83.45611397988057,53.34230153363456,18.77496349630099,25.802499926293667,84.46216564571029,7.286741326874573,64.65464322174857,Cotton
45.37801118467597,61.26513272454998,81.35057091387746,20.508414154831396,16.87755442690354,6.7570615152721905,76.00434089305142,Chickpea
42.50555056010161,59.02338485858075,77.8661554815911,17.50561007458183,27.59072721697757,7.726487125910025,68.85421697884817,Chickpea
40.150557473457475,61.267190370373875,76.97417592447916,20.805956534086942,29.273098595162956,6.892845897529556,80.13886697340152,Chickpea
66.92737132773799,35.52168985594233,15.79475430310825,28.917567496541373,57.681732550609794,6.7692073539426,83.43817491532084,Maize
37.716685755400455,24.184751469984434,21.62815403709787,32.17734022960789,54.95253297852946,4.662182602424799,110.34455221537227,Mango
74.62758283963365,38.61691934337393,21.928456408612266,31.247404799539126,83.53983974071657,7.026011096269226,61.529234978408,Cotton
99.57162499861715,43.42791606123122,36.92151819765266,26.68949455493476,83.30851777926965,6.823429086393899,269.53862477323236,Rice
82.24777530488765,40.99776988870802,16.838789787472493,30.379282643908176,73.61452283516611,6.183085732245832,90.01394335005573,Cotton
28.137738740294502,56.9471767491728,78.72808166737862,20.02040942559583,28.52911513887407,6.448360875680764,84.13014058376271,Chickpea
26.630302191864146,138.5020346894696,185.13290900742868,17.395178658806504,84.9493902179124,5.862817145957739,66.10596735304817,Grapes
21.09563917036162,24.088462487074636,38.90648174453288,35.44084480039464,56.462413436418714,5.223617828043594,94.79937374822197,Mango
34.48861694261412,132.40315978033138,189.56823596418144,20.54663223956893,81.7697162633656,6.408304215871923,69.12472653536364,Grapes
35.449404022466666,57.65459834022743,77.41737860936468,16.2252190908396,21.743940179934974,6.352194087520459,61.51815875400871,Chickpea
86.2637380456298,38.511135353213014,15.379637412000998,25.561679768012713,79.02494179667633,5.83387758281054,76.72961458581628,Cotton
43.24300884577747,67.17428456091729,76.08832636295037,21.455516040818964,16.22960539629232,6.701539849093438,84.79331019669809,Chickpea
74.48926958774024,46.33187854110213,20.826770868776542,34.64831664708629,71.50305996741297,5.979579194311517,87.28406439374882,Cotton
89.68786240564899,81.45140542808252,136.01562733424356,25.953921639134638,79.41038566184733,5.91878029816919,191.29601097889264,Banana
109.59264863754467,78.72248132179377,140.20330176341966,25.671529161914446,82.32972795751415,6.377885829507962,196.28483760756103,Banana
99.16433093433471,79.49000906903362,116.06674752659772,25.678769479747693,76.55386288666729,5.9606179363433895,236.52243505192365,Banana
98.82347413472783,80.73381498577854,140.41517096180405,27.154638846737704,83.82455730918593,6.227508063359392,226.38567641619898,Banana
71.1063890663744,46.098227125966574,17.537776454426965,22.293143213444324,61.88712608429707,6.558241911956628,96.78912153023053,Maize
85.54845300797533,58.51589059364751,38.6754390310217,22.208492399687216,94.3604080528284,6.2172728496028355,218.24680091560055,Rice
49.92277768868646,73.66915916844818,79.33971471923125,15.98443126383198,24.506217431711868,8.181448081517727,73.31035654985118,Chickpea
28.70317470630397,38.399780978006845,29.074157301672912,34.40971047010749,46.77768523519679,6.2839092799116925,97.6217666107572,Mango
76.4956888966237,56.06361792063371,37.31433392077446,27.071695637034598,80.13712192535992,6.258599379539597,205.98010390302179,Rice
35.123303580594936,64.6165659685926,84.79500760205043,24.159102416970992,26.43561984392689,6.683989699890278,88.90780613039257,Chickpea
29.516713843142806,142.4216070060924,183.0070794109729,27.17036352987716,80.89871700712952,5.5189735835415314,76.80135569041278,Grapes
86.9173355529614,46.17594397997533,21.727677122273693,28.08169564033151,70.32655686839841,6.232577272414941,60.10554150568811,Cotton
107.43651344658157,89.48517496798114,139.54842383852235,26.866011079867402,82.32957270557162,5.517545080522299,175.9537183961624,Banana
71.78863763599449,47.33000974943032,23.426019273641284,26.312145178833816,65.14629972402594,6.2645711511262485,84.49233260331296,Maize
26.955397742783006,124.46184072510279,193.43146215995003,21.87495301407212,83.63929070453064,5.722690215966266,65.05209942417362,Grapes
41.208674896370994,72.57468895234292,79.54031326407043,21.873849200712428,28.85866566723823,7.9695700666168285,78.75174021492666,Chickpea
82.81317670861017,41.946329742022115,15.76661591615802,33.237389497596546,77.5695930202447,6.309845336049406,83.22098440601054,Cotton
76.47043619192763,43.777262245746066,41.79585851454113,26.055760323923685,88.65280634640467,6.474798224670414,230.76573816076535,Rice
33.7922008216038,129.04631728085315,190.9177944892057,16.376220734142617,82.178382634702,5.900449816316087,66.1797063122429,Grapes
83.12636041220227,75.52849902609078,121.83224777096713,25.592939409291322,78.60236890899252,6.046026059987446,183.37578415620797,Banana
79.79155201396247,58.47411190088462,38.46764113369028,26.97514440389201,80.31210387066008,5.932016172180427,178.8301946251546,Rice
82.90856215781172,41.697222734822525,40.43106182093045,29.908936200057102,88.13065068676445,6.635179363656162,264.00061963384627,Rice
72.31132227968115,50.49944603614182,24.205209498972106,30.219447924772485,69.71674542537363,5.593421929021648,66.90412428926051,Maize
91.31816039179887,85.96293941967711,137.31399977297875,27.735781109031297,81.02291527251832,5.592551010838587,175.5163901880464,Banana
117.22779750820982,73.4646960429717,120.00596571482167,26.44417387024673,76.87098579962402,6.341985214136548,211.9409978789175,Banana
20.73530328135504,39.36856081478737,34.03268574111186,35.935266732468946,53.90729915032316,6.786003121826461,94.37477700977148,Mango
81.7331581913759,54.791902469209425,16.29137669030227,29.18413203047597,81.14714131527725,6.461287926313761,91.62556264772626,Cotton
92.05968337602823,36.87920607941435,21.660078837135124,27.084471320571417,75.8368444086733,7.43406362407346,92.76753363242157,Cotton
95.92491551087292,43.36269486669753,24.62685852239337,34.02310827074197,82.20216769659174,7.387377609923988,85.23949500877427,Cotton
99.39548494451459,41.39285978246941,18.650238424354654,31.793021703803923,81.94847953986087,6.683577349993309,81.05661735443144,Cotton
36.26824852557807,126.65507117062099,198.66107573624106,19.96695569673621,82.15654294402665,5.706605952978751,68.23349896764839,Grapes
76.26667265656751,53.140656550670315,18.031880256311577,34.08994160706801,73.17711658073512,6.1230402859712525,85.95163210560432,Cotton
22.7090862670575,64.8643640082178,77.64458578352424,16.235887367634923,20.528784879240582,7.8725290088419015,67.86484224749209,Chickpea
96.33787800871323,44.02662172868065,36.47945938378302,28.53804069963399,85.54444950663812,6.059246726470338,192.69755483968578,Rice
20.956080684929827,136.393284188942,186.83041515284683,25.391451349737117,82.18475691562469,5.900021774644462,71.59604950561793,Grapes
66.1556133012259,35.73105073859817,18.8758821572123,30.107342834121198,57.31671974124161,5.966471976775721,62.20149818325502,Maize
99.8388326758277,45.61113674862649,19.537154175754715,31.05426791535313,71.48767692518562,6.993025011528312,89.84774580534513,Cotton
80.35214785180149,83.37876935988773,128.37001738854076,29.52248229243846,81.13701097060795,6.121131697623634,245.88968160739336,Banana
37.19183384021211,30.087190521414254,28.395900253432124,28.645173129891017,46.44447865084807,5.689672963723694,114.58992677921468,Mango
94.175248238826,49.87917948304684,24.355000959550516,27.180083851834976,71.6022101985463,6.163984685010239,69.60915670083195,Cotton
27.82725429401742,121.79558052268706,198.16886501070854,18.67073307970831,84.61531893145636,6.201108670653792,73.22015047748825,Grapes
74.8598594884927,35.740392226911524,20.02291150132966,26.26252601033394,72.39400626724431,6.811285561081462,82.01531048853386,Maize
87.03248499506105,51.58560195801125,41.13826975275752,27.64244212635527,88.12210931904536,5.563394690096497,222.34381218015758,Rice
101.07196362122357,75.1091268912434,116.80330148727005,26.003480285003352,81.96526688471174,5.771281451382378,196.4960818400665,Banana
87.14321771531888,35.98622196140176,18.99191299546942,25.850789874682356,77.52734673408692,7.115502732145636,64.5631311213311,Cotton
21.055485442815016,26.870923420046754,35.57054266494265,32.157556913751236,52.68994665586074,5.673080980292807,119.35258189782917,Mango
84.32604838648815,39.87874366034408,40.26433842049121,27.8128335577,91.50642681247672,5.793573510153763,162.53843255908671,Rice
36.15131664974095,30.51713009609155,38.20605077881054,36.67163330614973,51.90306840047562,5.940331880731224,119.49162843558273,Mango
35.606073285212865,139.18931821029628,180.22244965175113,26.849700694680834,83.23685777087512,6.101141950494534,65.12695590672307,Grapes
63.297790436683066,52.32895777013602,16.318032295618973,23.01539190903146,70.76863068907434,6.383279383075664,60.789054175558014,Maize
79.41208532650052,45.93750010412648,37.94714596440897,26.970377749956548,82.84663754329478,5.779940093423655,202.14970185273984,Rice
89.37201353025083,55.86141245512377,35.77935374860491,22.159000632210578,87.79227909786097,5.651837681142672,184.65270049683122,Rice
75.65016034426786,37.17276712191721,20.69515011921064,29.51535326533044,83.4211569247371,5.958510561223479,63.65096120999004,Cotton
101.21695203570415,72.83591468042225,118.50526168493992,25.220810807441048,76.27871494734366,6.371679559151616,233.48040378168275,Banana
38.85712088181728,67.52622413767688,79.15431994375402,22.018106386235164,16.236417178869686,7.3414120401750385,78.48141167000244,Chickpea
65.98452668405639,47.114980145124456,16.00903725575525,23.823781067153554,74.87534470762687,5.955477840096342,70.47164706767742,Maize
80.20939273854509,53.21575956985789,16.024178580781534,26.54554914708308,73.31670252586605,6.120308534441005,91.39698564673165,Cotton
68.27828208625866,48.94164221703321,19.963287349827443,30.249903953519357,65.4137527871288,6.4409142958673495,74.65847209711993,Maize
32.363749243622586,131.0535954493044,188.63126532876396,25.553804011347296,83.2437850313077,6.275400334576486,78.21462023647854,Grapes
90.6513368006421,49.41409147492858,41.74492563744788,27.02550416180807,86.40612485440344,5.6561535950766055,268.869239666011,Rice
77.7341492896574,35.10938908296061,22.436456813620218,25.071140794306036,77.83810944681935,6.683595137389227,73.12604585967298,Cotton
85.90838755135034,38.8492781107082,44.32653059934104,22.91861560261786,90.58117444888781,6.12323551440303,222.37493654367844,Rice
60.75225644549498,47.10637237081938,39.31247473079837,21.963509925292236,80.4918907351481,6.4896832650171135,238.97642574377198,Rice
85.62635534027989,37.500798214640085,17.34627192184497,21.523058140025455,69.8775068969573,6.624609605372676,70.52857457358779,Maize
86.46503594830817,40.56225875314564,21.286354255493627,29.48169947828006,59.15275201930386,5.77725998105395,62.75319690006855,Maize
95.14074068227313,81.75357649525054,141.946798526228,25.38918735521521,77.51586410226888,6.472674108350593,172.2899254533438,Banana
25.81134354475359,140.03990256726118,187.8176776740691,24.601022545298292,80.4749923516529,6.258204004841239,65.68833630640123,Grapes
31.185559463039812,62.07233946536045,79.0876939724732,18.383671468414196,23.96828793574484,7.973067328909162,79.41916070907921,Chickpea
98.73594501245898,50.010252280616925,38.51646185693149,25.779185183898548,83.1910820850801,6.4851044544822285,183.63673036613483,Rice
91.4620095325253,37.065742319056525,15.7291950337896,30.713445598449198,73.75894525392769,6.557999488949031,91.3779337511923,Cotton
100.35299539642587,70.8807581452562,140.88785484707833,26.222757251783516,79.71764589577738,5.882979474367399,165.008466824115,Banana
84.22790714041625,41.08429965770046,22.047048039501753,26.44623481157882,59.30041578947376,6.784859906820137,67.41618986845496,Maize
84.3245380084418,86.72240019138779,116.4470516941882,25.578949131696504,79.44314288945897,5.62359506299557,175.27382930695737,Banana
81.35130411369033,53.26647676026475,44.50068615481832,28.920063921974087,91.35271606965684,6.296550678356477,152.6874188446419,Rice
31.99029825784979,132.8953407888207,185.79177432045154,17.203277593570327,80.18030566572175,5.739256625287378,65.00430907781936,Grapes
26.928473954788124,36.79148013792348,37.5439722850315,37.46089288357788,45.021930608033664,6.1432596254399945,123.96023951115687,Mango
28.71769974154006,36.284898890812066,39.381104721314074,32.17011434456387,51.12522140145023,5.302645639891429,94.1839953833023,Mango
84.17328479804661,53.29482347631811,20.62385949586909,31.549006639652774,66.14573516398546,5.701139126588617,72.14292580447929,Maize
22.767888853453847,136.17996565448348,188.2165206517144,26.628859025912647,84.77544578246054,5.76830939858016,75.99601918007635,Grapes
32.52594216690373,128.35756339887297,186.2602367712471,16.401928493056406,81.19179606284212,5.8408019679227285,65.8164929026701,Grapes
21.003856281541314,55.946625800458634,79.83268132097143,18.68578598746392,23.704031722418918,8.404344374136947,62.40189317064453,Chickpea
103.00941593081704,78.91557103009814,126.73402506032508,28.86171116231216,80.88589956540147,6.000465781619734,184.49673875995182,Banana
28.546476787821895,133.76177707033713,187.32081783391848,16.749095258014663,83.473097192474,5.774418542751733,72.90579100106932,Grapes
38.96966622922395,29.013215685947557,36.287409098829826,29.042018459814408,45.884730974202874,4.956823498181601,120.36658739801788,Mango
82.7265025858181,38.36101706270811,18.699273433790186,20.310085774520463,59.8728921898716,6.372978702642383,66.66854385285372,Maize
26.76748092883263,63.54465382121043,78.92846596665171,16.372606760844217,25.948344958820243,7.301794610183792,80.33984689692744,Chickpea
30.717709514307742,24.165249403923397,33.70986600692858,35.7948886683438,58.32044204277353,5.38398885105202,128.78453169742372,Mango
84.8716052496657,89.15590675472872,117.5915912217887,28.023428921770574,78.75958440127928,6.263857766240069,214.79058382367253,Banana
69.62665176572848,36.68227257223738,40.939441474793576,24.464410662486024,90.08035455308328,6.808318626679588,186.71012268275888,Rice
94.34360741840479,75.3938906196074,125.07674011451269,25.160472977616283,80.68665832725553,5.780604154888552,161.11092705402623,Banana
83.91281927492507,37.772478293508144,22.031348899406222,26.84945738240024,83.07327699330678,6.865578626016548,84.63657220578999,Cotton
71.14750730661444,51.5891493783484,18.026287050257615,25.351405875626625,58.50025491598714,6.061323536019146,61.8697518027538,Maize
89.52790613944609,47.768722086561645,16.10946527644368,21.88286575650745,65.0065127751248,5.755715644565804,69.68851285421789,Maize
46.324317048631855,65.55965922927572,75.12770515104607,16.064704658483873,20.71305470302627,6.132662498769428,61.6981432288667,Chickpea
84.7289939121589,76.1361268400724,127.16249838905192,27.512602356191948,83.95118369816254,6.203557035102256,181.09779483846603,Banana
21.266613721203495,133.36061160968913,185.44574837538013,20.585360308908072,81.0592573320387,5.768536838314422,77.42515425573212,Grapes
39.343310175056544,142.40004075893108,197.39134084140193,18.293364605526566,82.33477788643829,6.436182059911744,74.58170761765284,Grapes
82.05049189086935,47.34603952645709,19.111080038034316,33.645827442376,81.81212212812797,6.860813865944975,75.86939363507331,Cotton
24.448132200810704,38.549593626226724,38.925047091986194,37.0513019286894,58.473776914746786,5.5444296333973115,91.76896781923135,Mango
89.94307979402831,76.91498974915007,135.28886705072324,26.924383087033572,83.39033021229787,6.058344236702188,248.77916247614772,Banana
96.17792082817108,76.32808491839333,126.68505601733149,25.591528808133095,75.0589892746078,6.220285681026796,156.3237590759699,Banana
26.205491236717226,128.4878320287116,188.3267155623283,17.185725204593925,82.55241642271073,5.614026639838553,72.64928093484458,Grapes
34.997959685237795,123.99966816469829,180.77851547725115,26.032701029616952,83.39044435997724,5.938172824940078,66.89345036453382,Grapes
43.66336119043639,77.06009725569953,79.53283067699572,15.302641322118431,22.130015430549577,6.878602051709818,73.83725051114699,Chickpea
23.247247665260463,35.259017115279725,39.14193753231442,35.483974166541884,56.273661075783366,5.371446719572104,118.3651386167472,Mango
26.27821590183293,138.42046620985718,193.83953907202618,17.825453241255566,81.04856348127751,6.214384535629894,75.29916945978555,Grapes
27.23377773156934,71.42761000027079,76.0366386749969,20.8190332155814,26.350183896629357,6.33352397464841,70.56897138342569,Chickpea
83.35546120520596,42.32656946214297,18.828544016887776,25.941424984137672,67.10189657709572,6.518593085370092,107.44117646327783,Maize
31.933097749066604,30.74304097108922,38.93958778457744,30.351602675844592,56.2244488009919,6.758865939936365,103.75406599394587,Mango
82.81948637956329,49.226623423003,37.174372802247554,20.77201565530751,84.87038081060024,6.223799759591771,223.24145975601513,Rice
62.605284377221125,40.51873740250958,18.994336899602985,27.375268649548318,63.10901933701041,5.800465574686334,60.7683261248937,Maize
110.94329065477106,87.29901711425262,127.72628355823421,25.51963404586835,80.37754214024162,6.202742866267541,247.6223921339028,Banana
48.9678991158211,74.60925598983012,84.03974338137458,16.9401617622257,25.174602375976384,7.426048483409729,73.21792210527062,Chickpea
116.651853342874,83.96087985136177,136.6722816755402,26.086274344799534,79.9348757722436,6.492389721884287,205.28238946291106,Banana
35.41749440726202,36.70239653269112,37.67364330985123,27.415222415933172,50.05146557946422,6.415769011118104,95.24196165718033,Mango
24.905408435535527,77.36229800780488,82.48961134484934,21.888505376159543,19.27604064652143,6.966414176852462,64.88722216795861,Chickpea
23.470698958108535,57.19200851607742,75.891394267994,22.405812188401853,29.058159759807182,7.861544380746925,63.4831867157308,Chickpea
23.552721892604104,36.52949656382569,32.067278249355155,27.2952235568584,47.98498102309082,6.778363275583732,105.43576457614232,Mango
60.429494455637254,37.86706792360164,44.17136975649599,23.271103625766603,91.23014041754368,6.227138855994012,160.23557567881267,Rice
38.0651200942678,32.72265640047779,20.00368680910434,28.61397889457416,47.23824647661012,5.828139552688286,105.59930640923147,Mango
36.21731306097976,56.268154593198375,75.28992686202642,24.032924076579206,15.756840158916292,6.95899909834936,62.58358741398135,Chickpea
68.65412615182758,52.45471383185179,16.255491534939218,18.162438534233303,67.96778485413012,5.715993829682535,104.24443412076731,Maize
21.565394097830136,67.01476638654563,78.71212106604433,24.342935539974995,25.67101465678501,7.289773468881213,63.74033315890946,Chickpea
112.85684981033535,81.52493969205494,137.89327012515116,25.875953639689865,80.18963840987604,5.942229404420203,177.8156572442421,Banana
102.45082211163242,74.7519094513241,138.5292151861266,28.99410876244785,77.87638654507221,6.164493568591624,242.64848111687797,Banana
62.14931941023254,50.53543797583367,18.234116411562113,30.93793313253116,56.7918929625347,6.507621330174603,81.177030118282,Maize
24.427344001479803,21.26434082320391,36.477107027808955,37.003264022706816,49.53285261793875,5.520739639488532,95.59108050028884,Mango
94.67251903680322,53.805837835591085,16.083461021992306,27.33821902211583,70.37536974469724,7.3031992368652485,79.64925837874576,Cotton
89.50317175665228,84.91499639678273,142.62504948718495,29.485156810747114,75.20232888593272,6.3173859253052775,180.30549534480966,Banana
93.15096215833701,57.57220400599522,37.02156778966648,25.36660158260557,82.46805734874133,6.781729011092427,216.27608289894462,Rice
35.9892470387214,144.94908615414,191.59211168008574,25.288521285448837,81.65124323517915,6.343546299268079,79.27466062598911,Grapes
101.31766069366233,75.05842144499427,131.80347931752397,27.26963061846625,84.37890368902046,6.140966286309807,244.30742237719153,Banana
88.42344810600454,37.87443367557172,23.95700861639843,21.612738719434013,62.26898690940096,5.775029607485398,105.8632210884916,Maize
25.036161168880923,37.69129724655282,24.761537104818423,28.345045167990772,57.100308684268256,5.323214777416254,113.37304882324825,Mango
69.53758013839291,50.97379330432026,41.228105683409694,20.628071510110637,92.55031580908003,6.249743833356415,230.4080676471092,Rice
31.637809809878586,130.12836168877786,194.75090779601794,26.781946506176382,82.75796999263079,6.043469323918119,79.98092262517778,Grapes
38.327940662431345,134.40275838950717,194.43687036594704,25.042996762267606,84.09191244545076,5.736904034776721,78.14387483260711,Grapes
95.87875811390126,54.37176057669508,41.49231735106534,25.22044229661554,85.5556617537317,5.565157425004722,229.47247784095583,Rice
37.34277944703766,136.19851521647172,203.934791227703,15.144952701000976,84.37383463811389,5.6413738662245505,65.62659710701888,Grapes
35.35931688724007,137.4257533594585,180.21078439890664,21.015002912404,84.68123924706097,5.944577656756068,68.32281147053217,Grapes
35.59025134014587,60.918591645275725,75.72910836158316,20.999647052553783,21.57794223324566,6.239176873589843,73.39368572360303,Chickpea
33.56616583844706,30.65710930518079,25.845287062522527,33.83046394623521,56.998558007922746,6.863413305826915,122.3518350655092,Mango
76.09061403243625,40.85848196218904,37.17269210177553,28.637302426700565,80.84666052536691,6.255843773411402,193.38951770308782,Rice
30.823441748664735,128.96706093363952,191.31486261309684,23.009414838883725,83.37763006759779,6.061884983367037,68.36461079222106,Grapes
93.16965170205344,76.05431165474822,139.46694339107339,28.417696649039097,77.74464556505102,6.205642637640492,249.79957054396354,Banana
88.9514792943472,52.310310214596576,15.89188307676554,29.932841665410386,58.25881367750509,6.669238817718583,74.24679444997311,Maize
84.68653343047444,47.82097443752319,20.883090054335767,29.087875849381057,70.58240346526419,7.366725522366254,73.46891040075224,Cotton
36.03978205208898,140.8736879653202,192.99051207391025,19.36640580260748,82.8935230278519,6.155760501668238,76.80236544381526,Grapes
61.83112439420137,39.10388419263477,36.40449187322249,27.168561126478828,90.82338643176973,5.660442258279279,241.62776492080258,Rice
34.69856209061004,35.206489288192756,36.39207615759335,35.729144612714705,45.29716615698441,5.453548279169897,124.16168841219928,Mango
63.40675729884853,38.83832022960546,17.455866098183748,29.581203537788745,64.28319401821231,6.339737515799252,81.80664555058596,Maize
88.52221805694104,84.96537672748777,142.59682373964262,28.08038006300353,79.42383869439084,5.717244677891493,239.65929456089816,Banana
35.007102975049314,30.976001096222745,32.46083985714966,37.91532341059164,55.42606715471542,6.170651454821015,105.06426679581551,Mango
87.24697441773509,41.04845236474029,39.887867390665676,24.461034326075293,94.40780567420431,6.211873433592322,232.7000580911635,Rice
82.39742712397964,38.75165082789054,18.61779359151675,32.56443154055574,79.38113113217514,7.091983911303728,67.12453834225958,Cotton
31.900953092856163,127.99373721905135,198.17757522951325,25.495467706554795,80.43513720438254,6.056364203969799,73.28081287363099,Grapes
77.62917761420456,46.789618887890185,19.903585801532117,28.747049845726618,84.23066334198728,6.338032908944537,74.8323460789017,Cotton
26.6319340416367,139.9057766106828,182.64861379015218,16.281885261562458,81.11000539774732,6.246853027632816,73.36990124514531,Grapes
100.85004217059694,78.27120412893608,123.25461761525816,27.783590590526174,80.91667122242703,6.23521210932417,167.51331882625306,Banana
98.65153665446013,44.643370905912235,20.406679081983985,27.433559984836045,72.55649519189289,7.405156793606033,84.49681507892991,Cotton
27.54420108427772,38.65704511430522,37.39203366468137,37.788520944658536,48.58208316249374,5.457427122324005,124.24051903949513,Mango
61.95861067410793,35.91436703476343,24.484633750530165,24.382968367559066,65.40576824491768,6.286176465502029,81.68326150177943,Maize
83.75736774911519,38.42402633433634,18.435760082293566,33.86408971959066,79.05453974270688,7.142229840537617,82.32997248580011,Cotton
71.19915661374623,54.70617430928175,22.820236626651994,25.525498817388538,63.47504913231017,6.867239097749653,82.58710005946162,Maize
77.55996127833629,44.33396030994432,21.771961563873134,33.24310821470664,75.9572880995818,5.97393057504662,77.90298011139056,Cotton
75.53655689382391,50.82920914310982,18.88093109947996,30.85062721643603,72.63103962636552,5.559857047877347,92.4262374356654,Maize
63.20314298530203,38.694929931491345,22.624474837329654,26.567742367366336,60.33725226008959,6.350564639408462,71.54556743665066,Maize
61.47880689425274,43.362323118372544,42.25098682335619,27.4005222231057,81.89008468990806,6.987885954314361,192.58917892024053,Rice
27.783132147347175,142.413144175068,188.2932459905457,24.8229204387716,80.69975297117598,6.488477957914103,75.86245355141472,Grapes
82.02940367278975,46.77448582209606,16.949256846305154,22.723692443132805,68.8055665780924,5.769874978586322,87.38062777019216,Maize
25.63543465407551,129.54681085476776,193.18649471153708,27.561485991677316,84.0844561979062,6.301259224151548,67.07597801905146,Grapes
99.51491931121873,35.785032444849755,18.873978519151112,32.65159872402612,84.43888467356139,6.1227455779537925,75.3843856150761,Cotton
73.80691421923447,37.772244305023264,41.782178929335345,25.931342503922636,87.90401160722217,5.962629087776885,183.0777653253787,Rice
45.73575152239704,55.35507525157727,76.11549404291969,16.74613847659018,23.87655188206217,6.377839033662447,73.39959503034505,Chickpea
32.19537655727641,68.39811372725059,84.64634722250229,17.076362256103536,19.624615773187568,6.66251981728677,63.597406690661806,Chickpea
84.06400854954654,45.2154964786649,36.208664280890375,25.71764754426409,80.60423212380456,5.729956766043703,205.72010312779759,Rice
80.58694023279178,52.354388437424944,19.868615626741757,29.82110089713126,79.0631647042853,6.653122873600261,64.86389074769954,Cotton
61.57473320518388,43.26602732096517,22.173580562502437,19.40762866688287,70.41532116196558,5.507772169610695,87.51762828898083,Maize
26.987505309447606,138.1844776418476,200.4737150381213,25.595481074750182,81.18134424473362,5.646444218277694,67.95907704235975,Grapes
63.98413560920905,36.321310518367675,35.682286731759824,26.78107440670944,94.58108825747993,6.073949474147527,251.88065431299344,Rice
21.954338166935653,22.677662112492026,29.5428247400908,29.55764179684921,57.88579870952117,5.20816667002239,125.07065252772898,Mango
39.62636913693153,131.73726055056397,200.99327953909213,26.88629648566736,81.85352460715629,5.913930170578625,73.43787091196532,Grapes
95.78079348062414,38.337627853108614,16.57309981101126,32.733289532579846,83.41402630216393,6.946004733657265,64.03667612369473,Cotton
99.66903520096255,84.20284745691595,128.31555228427786,25.836267437140293,80.65397799244975,6.295880889602428,172.05295062965894,Banana
84.01580430008059,52.41796546289088,24.3485757166456,30.485452744725713,72.02672361987183,7.412426424666933,78.87506489601941,Cotton
25.71153755396316,38.32957819083762,29.82400390508448,28.34901164094368,57.79239435576484,5.630106713113493,125.94716123144921,Mango
62.69325074120165,40.4640213793324,38.01534248646685,25.988690964846015,94.74653739375707,5.65272038481233,230.4272295436931,Rice
61.751090537069246,58.44498841646579,36.786388000361086,20.31273753956549,81.60582752734835,5.7874249603460015,154.7725724849986,Rice
36.182904314050575,128.53300174451587,192.62556820572573,16.108040202097616,81.862181787014,6.254845212511782,70.40965109647517,Grapes
84.70603354950374,72.98641445599436,123.20910657520452,25.07628358745195,81.22944962677552,6.014060661959464,170.65773795733503,Banana
32.81974854597984,31.836168906332105,31.612930022805074,28.883206853613714,54.367187811504984,6.755002234226817,103.50478346423209,Mango
89.4269943791771,47.47609900641167,38.86987380039263,25.61672710759647,83.92665014881244,5.890434656709855,216.94096686084242,Rice
45.62978261722459,61.9907382970171,76.79889228726996,16.31139166498724,23.638390938119432,6.571416873749172,62.99609222728359,Chickpea
65.57693173825989,48.773999757482876,38.080822007715376,24.016299219244868,92.6131537430396,6.168959036738354,163.8721696954591,Rice
115.10824852256856,81.02670456779597,140.96476947106936,27.15034970833193,83.88091021988492,5.913813571176913,232.74192247800448,Banana
37.9360325450202,75.98719304054934,78.80153514439179,18.51417920309593,24.483104111189483,7.462897916150916,75.30985264807447,Chickpea
35.047667133239706,138.49552514834807,202.80956325328637,15.110940419219352,81.49737076021154,6.322308855851236,76.74692381138082,Grapes
44.44892868609489,59.57173550759107,79.00777514280753,24.62309930149754,19.07749636125285,6.964288724398285,85.52014734109753,Chickpea
88.31602428472394,52.53749028059665,36.63832630935408,29.530162017546978,87.84508044092613,6.674480652315619,258.1148277140189,Rice
28.16231771395401,39.03043050762119,20.654325737100937,31.07582954607879,51.650746290910526,6.876387924628567,124.21800773223819,Mango
78.8214627068272,56.659834242313494,40.835746197425806,29.44300984000077,81.06823606106114,6.834139092205582,225.07160617390565,Rice
81.17670587366602,41.8685184299458,44.774793482325116,20.17142597602427,92.19735831370865,6.511049428178815,270.92515484211435,Rice
77.31472227071843,43.837674810879754,19.824417180648563,30.56105321666241,59.195326897224255,6.7065376648498605,69.7827534136619,Maize
80.4668642734843,42.80631034101096,38.407088798064464,26.35685504675115,80.35132613344764,6.83547900762333,230.98989642318742,Rice
75.20055146271075,42.82769639244541,19.94691130452194,31.59219061798727,67.33879352755662,6.029145655406312,108.8891472236952,Maize
21.45983681331417,134.6840874231481,180.34483564313226,17.804658200724045,84.61289644466598,6.448679996947124,70.96962535827726,Grapes
95.11010550971872,48.28574875431679,42.52383151035878,20.93189965801246,89.89088916744987,6.852977133581131,230.89289794957836,Rice
30.84870212901076,35.88957506524718,35.75383688280958,27.89054945725953,58.21270871933862,6.339401962836147,92.19246700845255,Mango
32.78531982908578,132.1800004782491,187.93208483126065,24.193377976072263,82.80988654842825,6.389600216812232,74.20563479367551,Grapes
118.65941817858337,86.78756838652936,131.84371351763804,27.968862712720412,77.82676877815096,6.184413135857168,198.1738418816306,Banana
40.75510396857997,67.51617054784361,80.33201311964437,23.8665088551334,23.791196566966793,7.8348335923926715,82.57386756160865,Chickpea
79.51122235055344,41.97606348402613,24.337003747708007,32.95405356002333,74.10186305133135,6.007185979745615,83.6817786023891,Cotton
80.72408531696065,42.60311357018669,36.619669595558996,29.347378366390775,83.382054270732,6.921224705214471,227.83466901063088,Rice
34.3952792684554,123.70134266533968,188.74010754629558,17.648538248883565,81.42058224158939,6.3349536595366525,76.24904977255363,Grapes
22.951083598828873,142.51327589079395,180.0708887870004,26.159279642942295,80.72343990160255,5.629992131443437,68.75981295092186,Grapes
35.271383342109985,122.20103359397612,195.36199346812654,23.23533802913372,82.01696740198975,6.465327840130033,70.74974630080192,Grapes
39.38897413335608,77.97239665990818,78.46781840177749,23.42639473912477,26.885201777977727,6.977725919578736,84.70288816317576,Chickpea
114.88396456481327,82.58520961204874,132.9072884785958,26.327652184928606,81.5559097217697,6.472056864024416,207.8474332225579,Banana
26.94577923323466,37.20800260995904,35.51807927709823,32.0291563774763,46.80552270616344,5.79551284872127,102.62605061805563,Mango
34.76900064995691,23.929381635210923,34.49829041425732,29.128474833339116,51.73222383604488,6.9586333089072046,92.97875976174372,Mango
105.50298665979005,74.21713494923075,137.03083332817994,26.72537859731636,81.4226109731492,6.255483931448541,161.5994364414537,Banana
31.79452884607207,133.84004765394772,201.01992916075625,25.639267793249857,82.09316037467225,6.03551441197893,78.00341020558344,Grapes
77.31192718225415,46.025301537609394,18.8358601324715,34.21868149931562,77.6236133738934,7.29485463374901,90.24094270500058,Cotton
94.3918578176249,49.63065673459873,37.01338420024748,25.694304617453422,92.50757799205185,5.5763832703290515,151.18114214688188,Rice
99.19420375050768,82.5671347908976,123.07955308128989,28.290031515278123,78.29426921678859,5.543846999527311,212.23648559368846,Banana
74.4449694024002,43.43758449283493,16.164588195540418,34.024153363140094,81.08171772613355,6.55695211245547,76.97663930432589,Cotton
36.442181284799325,27.499160843239583,36.056334750165874,31.901125873288898,45.657774913657526,6.745704022264633,97.70049551734708,Mango
40.81385675168353,57.781949807911744,79.50061570638346,15.22748115151202,18.13514311686303,7.345013644767465,66.11404058629816,Chickpea
31.274125465816727,121.5354440788366,191.8290132988507,17.1980301324068,80.25809942395686,6.490364829389402,77.13343669519351,Grapes
96.6201237367511,74.01589589300153,138.59538433091515,29.3823029835332,78.65857530615123,6.00179476226484,177.25273507123634,Banana
68.26949183385382,53.74820722270134,22.250239459089183,19.57982494273068,71.18956367078388,6.128860897737628,98.30267337569516,Maize
36.87111313286938,129.8175187575554,183.5542908268842,23.221225772003255,83.13906410389487,5.875172327846227,66.13274409997773,Grapes
38.872856806156214,21.695564290628376,26.29609143758578,37.801394168258454,47.46487022572073,4.653670821213466,120.36769540223293,Mango
38.11156200914614,31.562428917010998,31.05511275753439,29.52672523968829,51.175442135740866,5.804421955518674,124.48796212543974,Mango
21.271633938040566,143.87721192222216,202.419331104203,23.731736954648774,84.42859676071652,5.896895050579027,77.59715710478662,Grapes
74.78938322706996,50.04779957300741,18.850486796301382,19.61113920636494,56.21263955806739,6.197235299868,80.3538231795498,Maize
72.20722354640651,53.700641971923034,23.78399621514228,24.68427928617255,58.989119493352035,6.945871058336404,76.05838510595834,Maize
95.63803913866009,46.119075230967766,20.501208920020808,25.94725276992047,71.52861022992768,7.149476562720896,64.2508639426417,Cotton
33.882663136147606,23.46170912125889,33.39210392205334,35.13303749441725,55.67863232353944,6.591870484624622,94.57291441922281,Mango
21.101631554672363,76.3457321808547,81.66996542946195,23.38014435792606,19.476623199631767,8.30096174567384,61.47094088246397,Chickpea
21.506423628386926,141.25835745331534,185.3520026220671,18.447016295924094,81.48660134510054,6.07352069319805,77.0690452932439,Grapes
86.33512655220929,81.0167801400534,131.56754227161198,25.466046006407613,84.9225713939522,6.412929878484168,196.14478941787834,Banana
20.823886070435684,37.27562383240066,21.6244570978674,37.43401539367431,56.56533553191698,5.161639769582636,98.43233518807858,Mango
36.00900673441372,33.550697711520606,32.40546228698606,28.323100622309767,56.3578313345879,4.9321974320162365,129.37471960996533,Mango
72.67993242981211,51.119136676553964,16.03201533208426,28.67561689622618,74.4888299111794,6.450625784806034,88.46787733108195,Cotton
88.36149453005896,36.76042387294645,23.26483598221712,28.011997666050014,76.28178805163913,6.748107685898142,66.71660016561131,Cotton
67.62864103482994,47.04298653875914,24.5177824543867,29.781222598701596,55.2467477495567,6.656458278286895,92.21986953601593,Maize
71.39519324223463,51.667254305739704,19.993014823693223,27.16451152569431,68.69693224691812,5.885990136452325,101.07959698461781,Maize
33.3181786752681,56.92213572075996,76.37695107828527,18.669499486538324,19.715781619723224,6.696724415749529,88.81560156794978,Chickpea
109.25172732067348,89.6715819626079,144.510051328819,28.894349086263045,79.6493632731549,5.578234601939893,238.99154783045546,Banana
28.943195372174173,24.113233638035773,37.54850705215301,30.297088677235248,56.915199895933746,6.198897318999285,126.74006490210691,Mango
97.08802329178174,79.91241574986041,144.16870706031057,29.70793204915956,81.71342524745722,6.285804595980518,181.87344573163122,Banana
47.536885577619394,60.036609583803525,76.30489545619183,22.16937632690816,28.78171180960809,8.110710216094127,69.70766433914511,Chickpea
89.85386757949452,75.55467529288434,138.5281975426463,25.724557651691065,79.7522178080433,5.867739288668076,180.81713990947173,Banana
64.66262603367709,38.28080391947361,35.173793992364274,23.48209912416141,90.3657605531702,5.7085209729191515,216.2906861562949,Rice
73.47167820888336,40.67222885145929,21.003895084274887,28.1200691079383,84.64268570852542,6.554724979281312,79.38705618869422,Cotton
87.80071765166268,48.9372716143975,23.419078703855625,29.452563036829762,74.56123507401924,6.024322228335435,87.62718916481231,Cotton
94.40822448534801,70.9150856688019,139.2267343556463,26.627625997287385,79.44306159269502,6.106763016317309,190.0165190839802,Banana
75.68381239320027,45.52384043587394,17.48763029054013,31.25325053539152,72.68346837443376,7.073630408561533,74.5314610087409,Cotton
77.39573627512499,52.894128901739,36.60235277779426,29.289673591144442,93.53972778284808,6.649463235739892,183.05640524533575,Rice
107.85935966550531,80.8038499085794,132.62021036645822,28.632995752786208,83.8541378389958,6.154921897493464,233.36930832963213,Banana
67.18262924006238,40.84475999057756,41.45354852645758,23.590929351856996,81.23627766533022,6.763905083780344,226.91864842174786,Rice
118.4852552033337,88.52079395792886,141.3022950375377,25.0463358424005,80.67961868664496,5.607300690773538,248.29938883710065,Banana
85.75656758527542,37.12880078562102,44.551683263384106,25.418343288962213,91.36422746474382,6.93593921032076,228.26306841082408,Rice
70.95204613069237,43.177338716384966,22.689720625834827,32.65827682923712,84.67499927386152,6.897997390765178,74.71266786088148,Cotton
22.620264579008932,25.760582899766575,37.61693234715611,32.33182976644998,45.43304163662495,6.075055692510151,121.97254933097882,Mango
99.9019663827819,81.02935614498429,133.3911772705158,26.61300019956397,81.40903929785073,5.610464134039404,202.32005391932356,Banana
36.483821638631426,122.29183559543802,185.30264538558282,23.31340794088615,84.85546656032493,5.550578510662873,70.00263734648775,Grapes
49.48841375908404,76.79038867518165,79.40730449757258,24.12971404376786,16.637931712161226,7.591084099675085,62.39429405923015,Chickpea
33.28217508910341,138.10028742385046,181.1003128095865,21.662501308321133,84.07812168177745,5.822679575995014,74.40179651858816,Grapes
36.74059668410065,78.45609644249652,79.15953202709753,18.690686508584736,25.626506774682554,8.059107415693502,67.97446903489995,Chickpea
80.2417063905647,87.3973347979251,117.09954759932933,25.962327236388134,81.34366959273909,5.641532010870237,170.42200127658322,Banana
88.95136571450406,37.896966765561345,16.67575535480534,33.077171439570684,75.060824649984,6.873164794153923,80.00731508558277,Cotton
27.008336799149383,78.58886715075236,76.36111846416719,22.70146620159656,16.63459250577657,6.264144375256728,73.48700243220965,Chickpea
26.956730835468065,23.211146720519377,30.012688306093533,35.014094984103146,48.62733783255248,5.9255883929941255,93.96422738420561,Mango
94.15439246259908,43.0749816135593,43.443415537111946,24.068758955153495,81.82576544733794,6.277442903815807,224.33620731697064,Rice
33.65997905677631,60.17168315520786,79.82925998779389,19.761625312091635,21.572489074095408,7.741908163809165,69.56728422653102,Chickpea
30.156837021542948,72.31761496467205,81.49836652579273,23.517652923506915,27.785120048488395,8.148355460420667,71.40028192567965,Chickpea
81.65021297280556,39.8984991645838,16.764355048973204,21.48557202699341,60.70705780035583,6.172406788554703,91.78018860571123,Maize
28.217984143264,126.09175768553173,183.1971278737274,22.700519584824733,80.67362024000064,6.012642816001109,78.36196507203609,Grapes
119.53505106220783,86.02903614749756,135.8883414535602,26.112220272722215,83.72705782811984,6.021471927476205,168.35454735335773,Banana
81.925550549136,57.75891568655036,41.88203915455374,24.80663942773667,83.51757898957334,5.519124101902914,163.35042592906956,Rice
88.18942463838937,40.14461198418305,42.52325495360492,28.08729788631261,80.93845627203747,5.652628073090714,280.7968995014828,Rice
105.85362435562091,76.17865767905272,128.22469570488434,27.897869026842013,82.32359767939238,5.590133375746219,179.51104516291554,Banana
81.93000764535437,46.723208572588206,24.009956499960147,30.18537043854215,72.83234877988765,6.519006261839718,89.04123477593438,Cotton
24.47969838647478,39.115228603757075,37.462871274098845,32.7100964691798,55.323624651943916,6.045597540126035,107.3139162843565,Mango
25.605332463663743,24.441855661596264,31.533303726948194,27.595629884176624,56.98904876669972,5.695800191530108,111.63071782367308,Mango
114.77671834494872,72.18548143449131,132.17835086063096,28.987669734075396,83.14228021671724,5.76902133784242,170.9525554850823,Banana
39.37749588978214,76.64883933320917,82.07208626157076,20.719947936394007,26.94238172154074,7.768497122616472,76.83133065219812,Chickpea
25.544340683974358,144.85832385171676,181.66812065968128,24.69235245662088,82.90532885046623,6.065574589640413,78.02518877289201,Grapes
87.6471837369282,45.378899988356935,18.947824751735837,27.636937095545512,77.48240958561686,6.5198177314852925,75.4027984225424,Cotton
32.75457183521311,38.67807442196002,38.25502909469667,34.25212776188849,45.235976503038295,5.830531212531842,106.45354032869666,Mango
95.85923007142144,35.46526496707746,19.37017419789046,29.149364234809347,82.89472615658138,6.339550140123208,69.00122276087015,Cotton
66.45665220593898,48.35223215875804,35.699352197396635,20.897151037700837,90.47643964621912,6.745747161727215,258.76106719279187,Rice
75.83233201180212,41.07723333107864,44.68834929481099,25.81077022727394,90.36127121842698,6.532609808402646,173.2487913646534,Rice
28.336846478957114,25.766805221593714,28.618991847430806,28.940414273151497,47.796000581687004,4.835830155723179,109.45885037838946,Mango
32.57915893241826,77.14457125977998,82.00790394496995,23.73546364190601,25.823265657875407,6.784238090910592,70.32472081659039,Chickpea
30.240847556900082,73.10991607027529,81.15993342996484,15.291173818114606,17.634436323569965,6.826287080232525,70.13810565820629,Chickpea
95.9188087877658,76.16200685596769,144.61076479443878,29.08194689049286,75.01578577584554,5.569841494960663,219.6316707267162,Banana
25.3398865392856,128.2406325828183,194.56151878887462,22.447405518208924,81.30776575407697,5.859552090561156,68.54453866132994,Grapes
85.36786264653335,41.72747961075639,19.5115120312237,29.3250566280598,75.51267912289177,6.645823204807451,69.55568129854636,Cotton
90.86485866822986,72.1845316314216,137.2267293006548,26.19641032973148,75.50765429957464,6.405184190951597,172.56716462816638,Banana
64.55741963997964,51.53945808538775,36.79552195863255,21.822081345536546,85.89436006306768,5.624935847702454,281.5133020703255,Rice
35.07133982859592,72.2149999297157,77.73452542698746,23.476692639777234,23.609579296218165,7.577692680595206,66.47115189470921,Chickpea
22.81120303810256,122.79830909724782,198.36201017727117,27.128160816195262,82.60978779435966,6.3289815826745315,79.24511750509394,Grapes
33.37747289298958,72.94157278279141,76.66644772065914,19.43908381101094,21.70694489505386,7.817035989277757,87.34821692538841,Chickpea
21.340491580259634,72.76947474388132,75.22585115203113,18.430779475567483,16.640440226771606,8.000125314376394,87.89767339465777,Chickpea
23.069696003385587,125.94763310941259,181.0287864122117,19.116135891294682,80.63236756030055,5.7604071972494735,67.76744874624409,Grapes
75.61814930240257,46.753376953962146,41.3567079146863,29.8103942255156,83.8047539160382,5.524363346663422,268.2780024419273,Rice
63.00135171826269,47.39031554308666,24.001185908429218,22.449003121272156,64.0129195642987,6.42451364538918,75.28377447033604,Maize
111.98640214422126,87.04502255534952,140.54163167276423,29.661849327015744,84.94313050425433,5.961265203689594,204.96646096791667,Banana
85.35709953414143,56.14917457335412,37.669347586014176,22.870445970151025,82.40876465176567,6.5302823551136875,185.41947462320246,Rice
87.40061538501176,43.875481859742806,15.2493477462996,24.75728467605547,65.00108616859879,5.785317517892821,106.18183839450475,Maize
20.822499778939324,23.58744446341569,23.397329971752573,32.421238103759265,50.087651037934805,5.67021216325312,93.58591923633736,Mango
119.95806637130067,70.31860328909501,135.07106825072393,25.809014167759734,79.5928283674957,6.070380797589471,208.3660111013155,Banana
46.73995047061667,76.28405126882815,82.11809104007213,24.273244567231778,24.565500338460243,7.984240959612507,75.26267235522903,Chickpea
78.08021679635009,40.53874391045713,41.15106836284436,27.27242997163735,93.6312753185981,6.488354610518939,195.24454935421332,Rice
73.85454056382466,46.05940279662089,37.56443975473482,24.79079263016483,83.03102010800895,6.307866885562979,289.9535900674962,Rice
75.61818861995111,50.72516478674715,16.593704925174357,25.603122171152407,63.06834132849359,6.024104426293054,104.16983694335588,Maize
33.874414881010566,128.3011636837071,195.8838362920501,26.491571418487474,81.58983487553975,6.351554212468644,72.23195568481611,Grapes
70.71888123578458,44.4999998270864,42.83890281870222,21.5427689060312,85.84432963095735,6.041050342171091,163.72806430443586,Rice
39.53582958812771,32.378418797537876,37.254621201921736,37.85460334969275,52.61311134911434,5.660540017678054,115.05856980661366,Mango
37.26543315189199,22.36116315342049,24.252850779210384,32.20691117911548,56.19744459057298,6.8601739026424795,104.77328238537828,Mango
85.72941417449775,42.76942029712589,24.097890999968943,23.501657955237505,74.55985708801846,5.883300535018237,64.51251638543695,Maize
66.63691156882899,42.69029531535581,42.48957722069623,25.692070493190926,84.32915882458762,5.686530487262062,253.30169868181406,Rice
89.45869665112068,47.99479652073684,19.35788473800493,31.260591511293452,81.8501730492617,6.124554569619589,70.5321254353243,Cotton
79.09853634017676,47.417823262606085,21.777644586233595,28.092997273389926,68.18363080633507,6.757505675443775,91.41240518434492,Maize
26.76875692618694,133.76440536492046,197.42643521811152,24.188269135927307,80.80369004566609,6.464570251374518,65.07935950208858,Grapes
24.052822802396335,128.4335777557494,200.8973986994834,24.593069239103585,82.01004305199663,5.620802439569333,75.26132575153936,Grapes
72.8769282226604,36.823983744337866,15.951836779794565,20.987896477246984,56.55877443145212,6.390519245261597,85.97221273183179,Maize
117.67692853872167,77.91191124707709,118.03096510542059,26.508825768627347,76.3645166885749,5.657503886016846,244.86935320263234,Banana
26.00230956397524,65.057523893428,81.24963875974485,19.53228605326714,26.451633223991372,6.451502127217065,60.558099663520736,Chickpea
92.48004427082083,42.20377295188305,15.358400426292887,32.68511983001936,74.8423277626078,7.325800619603671,88.70926597988854,Cotton
23.50798729974815,139.56319263219365,185.90489702018323,17.350519481240482,82.6369442739343,5.533090526929855,79.76107486535625,Grapes
39.862796999044505,67.25625900640986,77.61665273773954,18.436156497112034,27.895084679930918,7.366550084532618,88.57741484730651,Chickpea
69.49549421879883,55.479594699139696,40.594499175153835,20.54607290193894,85.15724154510428,6.964766158167704,246.0832188745963,Rice
23.95948642198106,76.52035009841869,80.68380388772961,18.654124628480986,25.244130735036393,7.906814844738964,88.63358951822659,Chickpea
86.35356363904836,48.24975120625051,19.748714129557374,26.882268380777656,75.76892586536643,7.371619472745727,89.39869403543504,Cotton
36.010686937634304,74.7809303025267,82.37060137509619,22.64049723717511,29.217037173294827,7.43923027154999,89.47993907274098,Chickpea
71.26069777169056,58.16727199362147,38.81413574480364,28.221223701590535,80.46228727035087,5.734485211224866,182.97985881907655,Rice
96.87281384620678,42.890649112817265,18.45134675164587,32.730643287644966,72.1971418288111,5.8715130276156335,93.43598011877347,Cotton
